x1,x2,y
1,1,11
1,2,19
1,3,27
1,4,35
1,5,43
1,6,51
1,7,59
1,8,67
1,9,75
1,10,83
1,11,91
1,12,99
1,13,107
1,14,115
1,15,123
1,16,131
1,17,139
1,18,147
1,19,155
1,20,163
1,21,171
1,22,179
1,23,187
1,24,195
1,25,203
1,26,211
1,27,219
1,28,227
1,29,235
1,30,243
1,31,251
1,32,259
1,33,267
1,34,275
1,35,283
1,36,291
1,37,299
1,38,307
1,39,315
1,40,323
1,41,331
1,42,339
1,43,347
1,44,355
1,45,363
1,46,371
1,47,379
1,48,387
1,49,395
1,50,403
1,51,411
1,52,419
1,53,427
1,54,435
1,55,443
1,56,451
1,57,459
1,58,467
1,59,475
1,60,483
1,61,491
1,62,499
1,63,507
1,64,515
1,65,523
1,66,531
1,67,539
1,68,547
1,69,555
1,70,563
1,71,571
1,72,579
1,73,587
1,74,595
1,75,603
1,76,611
1,77,619
1,78,627
1,79,635
1,80,643
1,81,651
1,82,659
1,83,667
1,84,675
1,85,683
1,86,691
1,87,699
1,88,707
1,89,715
1,90,723
1,91,731
1,92,739
1,93,747
1,94,755
1,95,763
1,96,771
1,97,779
1,98,787
1,99,795
1,100,803
2,1,14
2,2,22
2,3,30
2,4,38
2,5,46
2,6,54
2,7,62
2,8,70
2,9,78
2,10,86
2,11,94
2,12,102
2,13,110
2,14,118
2,15,126
2,16,134
2,17,142
2,18,150
2,19,158
2,20,166
2,21,174
2,22,182
2,23,190
2,24,198
2,25,206
2,26,214
2,27,222
2,28,230
2,29,238
2,30,246
2,31,254
2,32,262
2,33,270
2,34,278
2,35,286
2,36,294
2,37,302
2,38,310
2,39,318
2,40,326
2,41,334
2,42,342
2,43,350
2,44,358
2,45,366
2,46,374
2,47,382
2,48,390
2,49,398
2,50,406
2,51,414
2,52,422
2,53,430
2,54,438
2,55,446
2,56,454
2,57,462
2,58,470
2,59,478
2,60,486
2,61,494
2,62,502
2,63,510
2,64,518
2,65,526
2,66,534
2,67,542
2,68,550
2,69,558
2,70,566
2,71,574
2,72,582
2,73,590
2,74,598
2,75,606
2,76,614
2,77,622
2,78,630
2,79,638
2,80,646
2,81,654
2,82,662
2,83,670
2,84,678
2,85,686
2,86,694
2,87,702
2,88,710
2,89,718
2,90,726
2,91,734
2,92,742
2,93,750
2,94,758
2,95,766
2,96,774
2,97,782
2,98,790
2,99,798
2,100,806
3,1,17
3,2,25
3,3,33
3,4,41
3,5,49
3,6,57
3,7,65
3,8,73
3,9,81
3,10,89
3,11,97
3,12,105
3,13,113
3,14,121
3,15,129
3,16,137
3,17,145
3,18,153
3,19,161
3,20,169
3,21,177
3,22,185
3,23,193
3,24,201
3,25,209
3,26,217
3,27,225
3,28,233
3,29,241
3,30,249
3,31,257
3,32,265
3,33,273
3,34,281
3,35,289
3,36,297
3,37,305
3,38,313
3,39,321
3,40,329
3,41,337
3,42,345
3,43,353
3,44,361
3,45,369
3,46,377
3,47,385
3,48,393
3,49,401
3,50,409
3,51,417
3,52,425
3,53,433
3,54,441
3,55,449
3,56,457
3,57,465
3,58,473
3,59,481
3,60,489
3,61,497
3,62,505
3,63,513
3,64,521
3,65,529
3,66,537
3,67,545
3,68,553
3,69,561
3,70,569
3,71,577
3,72,585
3,73,593
3,74,601
3,75,609
3,76,617
3,77,625
3,78,633
3,79,641
3,80,649
3,81,657
3,82,665
3,83,673
3,84,681
3,85,689
3,86,697
3,87,705
3,88,713
3,89,721
3,90,729
3,91,737
3,92,745
3,93,753
3,94,761
3,95,769
3,96,777
3,97,785
3,98,793
3,99,801
3,100,809
4,1,20
4,2,28
4,3,36
4,4,44
4,5,52
4,6,60
4,7,68
4,8,76
4,9,84
4,10,92
4,11,100
4,12,108
4,13,116
4,14,124
4,15,132
4,16,140
4,17,148
4,18,156
4,19,164
4,20,172
4,21,180
4,22,188
4,23,196
4,24,204
4,25,212
4,26,220
4,27,228
4,28,236
4,29,244
4,30,252
4,31,260
4,32,268
4,33,276
4,34,284
4,35,292
4,36,300
4,37,308
4,38,316
4,39,324
4,40,332
4,41,340
4,42,348
4,43,356
4,44,364
4,45,372
4,46,380
4,47,388
4,48,396
4,49,404
4,50,412
4,51,420
4,52,428
4,53,436
4,54,444
4,55,452
4,56,460
4,57,468
4,58,476
4,59,484
4,60,492
4,61,500
4,62,508
4,63,516
4,64,524
4,65,532
4,66,540
4,67,548
4,68,556
4,69,564
4,70,572
4,71,580
4,72,588
4,73,596
4,74,604
4,75,612
4,76,620
4,77,628
4,78,636
4,79,644
4,80,652
4,81,660
4,82,668
4,83,676
4,84,684
4,85,692
4,86,700
4,87,708
4,88,716
4,89,724
4,90,732
4,91,740
4,92,748
4,93,756
4,94,764
4,95,772
4,96,780
4,97,788
4,98,796
4,99,804
4,100,812
5,1,23
5,2,31
5,3,39
5,4,47
5,5,55
5,6,63
5,7,71
5,8,79
5,9,87
5,10,95
5,11,103
5,12,111
5,13,119
5,14,127
5,15,135
5,16,143
5,17,151
5,18,159
5,19,167
5,20,175
5,21,183
5,22,191
5,23,199
5,24,207
5,25,215
5,26,223
5,27,231
5,28,239
5,29,247
5,30,255
5,31,263
5,32,271
5,33,279
5,34,287
5,35,295
5,36,303
5,37,311
5,38,319
5,39,327
5,40,335
5,41,343
5,42,351
5,43,359
5,44,367
5,45,375
5,46,383
5,47,391
5,48,399
5,49,407
5,50,415
5,51,423
5,52,431
5,53,439
5,54,447
5,55,455
5,56,463
5,57,471
5,58,479
5,59,487
5,60,495
5,61,503
5,62,511
5,63,519
5,64,527
5,65,535
5,66,543
5,67,551
5,68,559
5,69,567
5,70,575
5,71,583
5,72,591
5,73,599
5,74,607
5,75,615
5,76,623
5,77,631
5,78,639
5,79,647
5,80,655
5,81,663
5,82,671
5,83,679
5,84,687
5,85,695
5,86,703
5,87,711
5,88,719
5,89,727
5,90,735
5,91,743
5,92,751
5,93,759
5,94,767
5,95,775
5,96,783
5,97,791
5,98,799
5,99,807
5,100,815
6,1,26
6,2,34
6,3,42
6,4,50
6,5,58
6,6,66
6,7,74
6,8,82
6,9,90
6,10,98
6,11,106
6,12,114
6,13,122
6,14,130
6,15,138
6,16,146
6,17,154
6,18,162
6,19,170
6,20,178
6,21,186
6,22,194
6,23,202
6,24,210
6,25,218
6,26,226
6,27,234
6,28,242
6,29,250
6,30,258
6,31,266
6,32,274
6,33,282
6,34,290
6,35,298
6,36,306
6,37,314
6,38,322
6,39,330
6,40,338
6,41,346
6,42,354
6,43,362
6,44,370
6,45,378
6,46,386
6,47,394
6,48,402
6,49,410
6,50,418
6,51,426
6,52,434
6,53,442
6,54,450
6,55,458
6,56,466
6,57,474
6,58,482
6,59,490
6,60,498
6,61,506
6,62,514
6,63,522
6,64,530
6,65,538
6,66,546
6,67,554
6,68,562
6,69,570
6,70,578
6,71,586
6,72,594
6,73,602
6,74,610
6,75,618
6,76,626
6,77,634
6,78,642
6,79,650
6,80,658
6,81,666
6,82,674
6,83,682
6,84,690
6,85,698
6,86,706
6,87,714
6,88,722
6,89,730
6,90,738
6,91,746
6,92,754
6,93,762
6,94,770
6,95,778
6,96,786
6,97,794
6,98,802
6,99,810
6,100,818
7,1,29
7,2,37
7,3,45
7,4,53
7,5,61
7,6,69
7,7,77
7,8,85
7,9,93
7,10,101
7,11,109
7,12,117
7,13,125
7,14,133
7,15,141
7,16,149
7,17,157
7,18,165
7,19,173
7,20,181
7,21,189
7,22,197
7,23,205
7,24,213
7,25,221
7,26,229
7,27,237
7,28,245
7,29,253
7,30,261
7,31,269
7,32,277
7,33,285
7,34,293
7,35,301
7,36,309
7,37,317
7,38,325
7,39,333
7,40,341
7,41,349
7,42,357
7,43,365
7,44,373
7,45,381
7,46,389
7,47,397
7,48,405
7,49,413
7,50,421
7,51,429
7,52,437
7,53,445
7,54,453
7,55,461
7,56,469
7,57,477
7,58,485
7,59,493
7,60,501
7,61,509
7,62,517
7,63,525
7,64,533
7,65,541
7,66,549
7,67,557
7,68,565
7,69,573
7,70,581
7,71,589
7,72,597
7,73,605
7,74,613
7,75,621
7,76,629
7,77,637
7,78,645
7,79,653
7,80,661
7,81,669
7,82,677
7,83,685
7,84,693
7,85,701
7,86,709
7,87,717
7,88,725
7,89,733
7,90,741
7,91,749
7,92,757
7,93,765
7,94,773
7,95,781
7,96,789
7,97,797
7,98,805
7,99,813
7,100,821
8,1,32
8,2,40
8,3,48
8,4,56
8,5,64
8,6,72
8,7,80
8,8,88
8,9,96
8,10,104
8,11,112
8,12,120
8,13,128
8,14,136
8,15,144
8,16,152
8,17,160
8,18,168
8,19,176
8,20,184
8,21,192
8,22,200
8,23,208
8,24,216
8,25,224
8,26,232
8,27,240
8,28,248
8,29,256
8,30,264
8,31,272
8,32,280
8,33,288
8,34,296
8,35,304
8,36,312
8,37,320
8,38,328
8,39,336
8,40,344
8,41,352
8,42,360
8,43,368
8,44,376
8,45,384
8,46,392
8,47,400
8,48,408
8,49,416
8,50,424
8,51,432
8,52,440
8,53,448
8,54,456
8,55,464
8,56,472
8,57,480
8,58,488
8,59,496
8,60,504
8,61,512
8,62,520
8,63,528
8,64,536
8,65,544
8,66,552
8,67,560
8,68,568
8,69,576
8,70,584
8,71,592
8,72,600
8,73,608
8,74,616
8,75,624
8,76,632
8,77,640
8,78,648
8,79,656
8,80,664
8,81,672
8,82,680
8,83,688
8,84,696
8,85,704
8,86,712
8,87,720
8,88,728
8,89,736
8,90,744
8,91,752
8,92,760
8,93,768
8,94,776
8,95,784
8,96,792
8,97,800
8,98,808
8,99,816
8,100,824
9,1,35
9,2,43
9,3,51
9,4,59
9,5,67
9,6,75
9,7,83
9,8,91
9,9,99
9,10,107
9,11,115
9,12,123
9,13,131
9,14,139
9,15,147
9,16,155
9,17,163
9,18,171
9,19,179
9,20,187
9,21,195
9,22,203
9,23,211
9,24,219
9,25,227
9,26,235
9,27,243
9,28,251
9,29,259
9,30,267
9,31,275
9,32,283
9,33,291
9,34,299
9,35,307
9,36,315
9,37,323
9,38,331
9,39,339
9,40,347
9,41,355
9,42,363
9,43,371
9,44,379
9,45,387
9,46,395
9,47,403
9,48,411
9,49,419
9,50,427
9,51,435
9,52,443
9,53,451
9,54,459
9,55,467
9,56,475
9,57,483
9,58,491
9,59,499
9,60,507
9,61,515
9,62,523
9,63,531
9,64,539
9,65,547
9,66,555
9,67,563
9,68,571
9,69,579
9,70,587
9,71,595
9,72,603
9,73,611
9,74,619
9,75,627
9,76,635
9,77,643
9,78,651
9,79,659
9,80,667
9,81,675
9,82,683
9,83,691
9,84,699
9,85,707
9,86,715
9,87,723
9,88,731
9,89,739
9,90,747
9,91,755
9,92,763
9,93,771
9,94,779
9,95,787
9,96,795
9,97,803
9,98,811
9,99,819
9,100,827
10,1,38
10,2,46
10,3,54
10,4,62
10,5,70
10,6,78
10,7,86
10,8,94
10,9,102
10,10,110
10,11,118
10,12,126
10,13,134
10,14,142
10,15,150
10,16,158
10,17,166
10,18,174
10,19,182
10,20,190
10,21,198
10,22,206
10,23,214
10,24,222
10,25,230
10,26,238
10,27,246
10,28,254
10,29,262
10,30,270
10,31,278
10,32,286
10,33,294
10,34,302
10,35,310
10,36,318
10,37,326
10,38,334
10,39,342
10,40,350
10,41,358
10,42,366
10,43,374
10,44,382
10,45,390
10,46,398
10,47,406
10,48,414
10,49,422
10,50,430
10,51,438
10,52,446
10,53,454
10,54,462
10,55,470
10,56,478
10,57,486
10,58,494
10,59,502
10,60,510
10,61,518
10,62,526
10,63,534
10,64,542
10,65,550
10,66,558
10,67,566
10,68,574
10,69,582
10,70,590
10,71,598
10,72,606
10,73,614
10,74,622
10,75,630
10,76,638
10,77,646
10,78,654
10,79,662
10,80,670
10,81,678
10,82,686
10,83,694
10,84,702
10,85,710
10,86,718
10,87,726
10,88,734
10,89,742
10,90,750
10,91,758
10,92,766
10,93,774
10,94,782
10,95,790
10,96,798
10,97,806
10,98,814
10,99,822
10,100,830
11,1,41
11,2,49
11,3,57
11,4,65
11,5,73
11,6,81
11,7,89
11,8,97
11,9,105
11,10,113
11,11,121
11,12,129
11,13,137
11,14,145
11,15,153
11,16,161
11,17,169
11,18,177
11,19,185
11,20,193
11,21,201
11,22,209
11,23,217
11,24,225
11,25,233
11,26,241
11,27,249
11,28,257
11,29,265
11,30,273
11,31,281
11,32,289
11,33,297
11,34,305
11,35,313
11,36,321
11,37,329
11,38,337
11,39,345
11,40,353
11,41,361
11,42,369
11,43,377
11,44,385
11,45,393
11,46,401
11,47,409
11,48,417
11,49,425
11,50,433
11,51,441
11,52,449
11,53,457
11,54,465
11,55,473
11,56,481
11,57,489
11,58,497
11,59,505
11,60,513
11,61,521
11,62,529
11,63,537
11,64,545
11,65,553
11,66,561
11,67,569
11,68,577
11,69,585
11,70,593
11,71,601
11,72,609
11,73,617
11,74,625
11,75,633
11,76,641
11,77,649
11,78,657
11,79,665
11,80,673
11,81,681
11,82,689
11,83,697
11,84,705
11,85,713
11,86,721
11,87,729
11,88,737
11,89,745
11,90,753
11,91,761
11,92,769
11,93,777
11,94,785
11,95,793
11,96,801
11,97,809
11,98,817
11,99,825
11,100,833
12,1,44
12,2,52
12,3,60
12,4,68
12,5,76
12,6,84
12,7,92
12,8,100
12,9,108
12,10,116
12,11,124
12,12,132
12,13,140
12,14,148
12,15,156
12,16,164
12,17,172
12,18,180
12,19,188
12,20,196
12,21,204
12,22,212
12,23,220
12,24,228
12,25,236
12,26,244
12,27,252
12,28,260
12,29,268
12,30,276
12,31,284
12,32,292
12,33,300
12,34,308
12,35,316
12,36,324
12,37,332
12,38,340
12,39,348
12,40,356
12,41,364
12,42,372
12,43,380
12,44,388
12,45,396
12,46,404
12,47,412
12,48,420
12,49,428
12,50,436
12,51,444
12,52,452
12,53,460
12,54,468
12,55,476
12,56,484
12,57,492
12,58,500
12,59,508
12,60,516
12,61,524
12,62,532
12,63,540
12,64,548
12,65,556
12,66,564
12,67,572
12,68,580
12,69,588
12,70,596
12,71,604
12,72,612
12,73,620
12,74,628
12,75,636
12,76,644
12,77,652
12,78,660
12,79,668
12,80,676
12,81,684
12,82,692
12,83,700
12,84,708
12,85,716
12,86,724
12,87,732
12,88,740
12,89,748
12,90,756
12,91,764
12,92,772
12,93,780
12,94,788
12,95,796
12,96,804
12,97,812
12,98,820
12,99,828
12,100,836
13,1,47
13,2,55
13,3,63
13,4,71
13,5,79
13,6,87
13,7,95
13,8,103
13,9,111
13,10,119
13,11,127
13,12,135
13,13,143
13,14,151
13,15,159
13,16,167
13,17,175
13,18,183
13,19,191
13,20,199
13,21,207
13,22,215
13,23,223
13,24,231
13,25,239
13,26,247
13,27,255
13,28,263
13,29,271
13,30,279
13,31,287
13,32,295
13,33,303
13,34,311
13,35,319
13,36,327
13,37,335
13,38,343
13,39,351
13,40,359
13,41,367
13,42,375
13,43,383
13,44,391
13,45,399
13,46,407
13,47,415
13,48,423
13,49,431
13,50,439
13,51,447
13,52,455
13,53,463
13,54,471
13,55,479
13,56,487
13,57,495
13,58,503
13,59,511
13,60,519
13,61,527
13,62,535
13,63,543
13,64,551
13,65,559
13,66,567
13,67,575
13,68,583
13,69,591
13,70,599
13,71,607
13,72,615
13,73,623
13,74,631
13,75,639
13,76,647
13,77,655
13,78,663
13,79,671
13,80,679
13,81,687
13,82,695
13,83,703
13,84,711
13,85,719
13,86,727
13,87,735
13,88,743
13,89,751
13,90,759
13,91,767
13,92,775
13,93,783
13,94,791
13,95,799
13,96,807
13,97,815
13,98,823
13,99,831
13,100,839
14,1,50
14,2,58
14,3,66
14,4,74
14,5,82
14,6,90
14,7,98
14,8,106
14,9,114
14,10,122
14,11,130
14,12,138
14,13,146
14,14,154
14,15,162
14,16,170
14,17,178
14,18,186
14,19,194
14,20,202
14,21,210
14,22,218
14,23,226
14,24,234
14,25,242
14,26,250
14,27,258
14,28,266
14,29,274
14,30,282
14,31,290
14,32,298
14,33,306
14,34,314
14,35,322
14,36,330
14,37,338
14,38,346
14,39,354
14,40,362
14,41,370
14,42,378
14,43,386
14,44,394
14,45,402
14,46,410
14,47,418
14,48,426
14,49,434
14,50,442
14,51,450
14,52,458
14,53,466
14,54,474
14,55,482
14,56,490
14,57,498
14,58,506
14,59,514
14,60,522
14,61,530
14,62,538
14,63,546
14,64,554
14,65,562
14,66,570
14,67,578
14,68,586
14,69,594
14,70,602
14,71,610
14,72,618
14,73,626
14,74,634
14,75,642
14,76,650
14,77,658
14,78,666
14,79,674
14,80,682
14,81,690
14,82,698
14,83,706
14,84,714
14,85,722
14,86,730
14,87,738
14,88,746
14,89,754
14,90,762
14,91,770
14,92,778
14,93,786
14,94,794
14,95,802
14,96,810
14,97,818
14,98,826
14,99,834
14,100,842
15,1,53
15,2,61
15,3,69
15,4,77
15,5,85
15,6,93
15,7,101
15,8,109
15,9,117
15,10,125
15,11,133
15,12,141
15,13,149
15,14,157
15,15,165
15,16,173
15,17,181
15,18,189
15,19,197
15,20,205
15,21,213
15,22,221
15,23,229
15,24,237
15,25,245
15,26,253
15,27,261
15,28,269
15,29,277
15,30,285
15,31,293
15,32,301
15,33,309
15,34,317
15,35,325
15,36,333
15,37,341
15,38,349
15,39,357
15,40,365
15,41,373
15,42,381
15,43,389
15,44,397
15,45,405
15,46,413
15,47,421
15,48,429
15,49,437
15,50,445
15,51,453
15,52,461
15,53,469
15,54,477
15,55,485
15,56,493
15,57,501
15,58,509
15,59,517
15,60,525
15,61,533
15,62,541
15,63,549
15,64,557
15,65,565
15,66,573
15,67,581
15,68,589
15,69,597
15,70,605
15,71,613
15,72,621
15,73,629
15,74,637
15,75,645
15,76,653
15,77,661
15,78,669
15,79,677
15,80,685
15,81,693
15,82,701
15,83,709
15,84,717
15,85,725
15,86,733
15,87,741
15,88,749
15,89,757
15,90,765
15,91,773
15,92,781
15,93,789
15,94,797
15,95,805
15,96,813
15,97,821
15,98,829
15,99,837
15,100,845
16,1,56
16,2,64
16,3,72
16,4,80
16,5,88
16,6,96
16,7,104
16,8,112
16,9,120
16,10,128
16,11,136
16,12,144
16,13,152
16,14,160
16,15,168
16,16,176
16,17,184
16,18,192
16,19,200
16,20,208
16,21,216
16,22,224
16,23,232
16,24,240
16,25,248
16,26,256
16,27,264
16,28,272
16,29,280
16,30,288
16,31,296
16,32,304
16,33,312
16,34,320
16,35,328
16,36,336
16,37,344
16,38,352
16,39,360
16,40,368
16,41,376
16,42,384
16,43,392
16,44,400
16,45,408
16,46,416
16,47,424
16,48,432
16,49,440
16,50,448
16,51,456
16,52,464
16,53,472
16,54,480
16,55,488
16,56,496
16,57,504
16,58,512
16,59,520
16,60,528
16,61,536
16,62,544
16,63,552
16,64,560
16,65,568
16,66,576
16,67,584
16,68,592
16,69,600
16,70,608
16,71,616
16,72,624
16,73,632
16,74,640
16,75,648
16,76,656
16,77,664
16,78,672
16,79,680
16,80,688
16,81,696
16,82,704
16,83,712
16,84,720
16,85,728
16,86,736
16,87,744
16,88,752
16,89,760
16,90,768
16,91,776
16,92,784
16,93,792
16,94,800
16,95,808
16,96,816
16,97,824
16,98,832
16,99,840
16,100,848
17,1,59
17,2,67
17,3,75
17,4,83
17,5,91
17,6,99
17,7,107
17,8,115
17,9,123
17,10,131
17,11,139
17,12,147
17,13,155
17,14,163
17,15,171
17,16,179
17,17,187
17,18,195
17,19,203
17,20,211
17,21,219
17,22,227
17,23,235
17,24,243
17,25,251
17,26,259
17,27,267
17,28,275
17,29,283
17,30,291
17,31,299
17,32,307
17,33,315
17,34,323
17,35,331
17,36,339
17,37,347
17,38,355
17,39,363
17,40,371
17,41,379
17,42,387
17,43,395
17,44,403
17,45,411
17,46,419
17,47,427
17,48,435
17,49,443
17,50,451
17,51,459
17,52,467
17,53,475
17,54,483
17,55,491
17,56,499
17,57,507
17,58,515
17,59,523
17,60,531
17,61,539
17,62,547
17,63,555
17,64,563
17,65,571
17,66,579
17,67,587
17,68,595
17,69,603
17,70,611
17,71,619
17,72,627
17,73,635
17,74,643
17,75,651
17,76,659
17,77,667
17,78,675
17,79,683
17,80,691
17,81,699
17,82,707
17,83,715
17,84,723
17,85,731
17,86,739
17,87,747
17,88,755
17,89,763
17,90,771
17,91,779
17,92,787
17,93,795
17,94,803
17,95,811
17,96,819
17,97,827
17,98,835
17,99,843
17,100,851
18,1,62
18,2,70
18,3,78
18,4,86
18,5,94
18,6,102
18,7,110
18,8,118
18,9,126
18,10,134
18,11,142
18,12,150
18,13,158
18,14,166
18,15,174
18,16,182
18,17,190
18,18,198
18,19,206
18,20,214
18,21,222
18,22,230
18,23,238
18,24,246
18,25,254
18,26,262
18,27,270
18,28,278
18,29,286
18,30,294
18,31,302
18,32,310
18,33,318
18,34,326
18,35,334
18,36,342
18,37,350
18,38,358
18,39,366
18,40,374
18,41,382
18,42,390
18,43,398
18,44,406
18,45,414
18,46,422
18,47,430
18,48,438
18,49,446
18,50,454
18,51,462
18,52,470
18,53,478
18,54,486
18,55,494
18,56,502
18,57,510
18,58,518
18,59,526
18,60,534
18,61,542
18,62,550
18,63,558
18,64,566
18,65,574
18,66,582
18,67,590
18,68,598
18,69,606
18,70,614
18,71,622
18,72,630
18,73,638
18,74,646
18,75,654
18,76,662
18,77,670
18,78,678
18,79,686
18,80,694
18,81,702
18,82,710
18,83,718
18,84,726
18,85,734
18,86,742
18,87,750
18,88,758
18,89,766
18,90,774
18,91,782
18,92,790
18,93,798
18,94,806
18,95,814
18,96,822
18,97,830
18,98,838
18,99,846
18,100,854
19,1,65
19,2,73
19,3,81
19,4,89
19,5,97
19,6,105
19,7,113
19,8,121
19,9,129
19,10,137
19,11,145
19,12,153
19,13,161
19,14,169
19,15,177
19,16,185
19,17,193
19,18,201
19,19,209
19,20,217
19,21,225
19,22,233
19,23,241
19,24,249
19,25,257
19,26,265
19,27,273
19,28,281
19,29,289
19,30,297
19,31,305
19,32,313
19,33,321
19,34,329
19,35,337
19,36,345
19,37,353
19,38,361
19,39,369
19,40,377
19,41,385
19,42,393
19,43,401
19,44,409
19,45,417
19,46,425
19,47,433
19,48,441
19,49,449
19,50,457
19,51,465
19,52,473
19,53,481
19,54,489
19,55,497
19,56,505
19,57,513
19,58,521
19,59,529
19,60,537
19,61,545
19,62,553
19,63,561
19,64,569
19,65,577
19,66,585
19,67,593
19,68,601
19,69,609
19,70,617
19,71,625
19,72,633
19,73,641
19,74,649
19,75,657
19,76,665
19,77,673
19,78,681
19,79,689
19,80,697
19,81,705
19,82,713
19,83,721
19,84,729
19,85,737
19,86,745
19,87,753
19,88,761
19,89,769
19,90,777
19,91,785
19,92,793
19,93,801
19,94,809
19,95,817
19,96,825
19,97,833
19,98,841
19,99,849
19,100,857
20,1,68
20,2,76
20,3,84
20,4,92
20,5,100
20,6,108
20,7,116
20,8,124
20,9,132
20,10,140
20,11,148
20,12,156
20,13,164
20,14,172
20,15,180
20,16,188
20,17,196
20,18,204
20,19,212
20,20,220
20,21,228
20,22,236
20,23,244
20,24,252
20,25,260
20,26,268
20,27,276
20,28,284
20,29,292
20,30,300
20,31,308
20,32,316
20,33,324
20,34,332
20,35,340
20,36,348
20,37,356
20,38,364
20,39,372
20,40,380
20,41,388
20,42,396
20,43,404
20,44,412
20,45,420
20,46,428
20,47,436
20,48,444
20,49,452
20,50,460
20,51,468
20,52,476
20,53,484
20,54,492
20,55,500
20,56,508
20,57,516
20,58,524
20,59,532
20,60,540
20,61,548
20,62,556
20,63,564
20,64,572
20,65,580
20,66,588
20,67,596
20,68,604
20,69,612
20,70,620
20,71,628
20,72,636
20,73,644
20,74,652
20,75,660
20,76,668
20,77,676
20,78,684
20,79,692
20,80,700
20,81,708
20,82,716
20,83,724
20,84,732
20,85,740
20,86,748
20,87,756
20,88,764
20,89,772
20,90,780
20,91,788
20,92,796
20,93,804
20,94,812
20,95,820
20,96,828
20,97,836
20,98,844
20,99,852
20,100,860
21,1,71
21,2,79
21,3,87
21,4,95
21,5,103
21,6,111
21,7,119
21,8,127
21,9,135
21,10,143
21,11,151
21,12,159
21,13,167
21,14,175
21,15,183
21,16,191
21,17,199
21,18,207
21,19,215
21,20,223
21,21,231
21,22,239
21,23,247
21,24,255
21,25,263
21,26,271
21,27,279
21,28,287
21,29,295
21,30,303
21,31,311
21,32,319
21,33,327
21,34,335
21,35,343
21,36,351
21,37,359
21,38,367
21,39,375
21,40,383
21,41,391
21,42,399
21,43,407
21,44,415
21,45,423
21,46,431
21,47,439
21,48,447
21,49,455
21,50,463
21,51,471
21,52,479
21,53,487
21,54,495
21,55,503
21,56,511
21,57,519
21,58,527
21,59,535
21,60,543
21,61,551
21,62,559
21,63,567
21,64,575
21,65,583
21,66,591
21,67,599
21,68,607
21,69,615
21,70,623
21,71,631
21,72,639
21,73,647
21,74,655
21,75,663
21,76,671
21,77,679
21,78,687
21,79,695
21,80,703
21,81,711
21,82,719
21,83,727
21,84,735
21,85,743
21,86,751
21,87,759
21,88,767
21,89,775
21,90,783
21,91,791
21,92,799
21,93,807
21,94,815
21,95,823
21,96,831
21,97,839
21,98,847
21,99,855
21,100,863
22,1,74
22,2,82
22,3,90
22,4,98
22,5,106
22,6,114
22,7,122
22,8,130
22,9,138
22,10,146
22,11,154
22,12,162
22,13,170
22,14,178
22,15,186
22,16,194
22,17,202
22,18,210
22,19,218
22,20,226
22,21,234
22,22,242
22,23,250
22,24,258
22,25,266
22,26,274
22,27,282
22,28,290
22,29,298
22,30,306
22,31,314
22,32,322
22,33,330
22,34,338
22,35,346
22,36,354
22,37,362
22,38,370
22,39,378
22,40,386
22,41,394
22,42,402
22,43,410
22,44,418
22,45,426
22,46,434
22,47,442
22,48,450
22,49,458
22,50,466
22,51,474
22,52,482
22,53,490
22,54,498
22,55,506
22,56,514
22,57,522
22,58,530
22,59,538
22,60,546
22,61,554
22,62,562
22,63,570
22,64,578
22,65,586
22,66,594
22,67,602
22,68,610
22,69,618
22,70,626
22,71,634
22,72,642
22,73,650
22,74,658
22,75,666
22,76,674
22,77,682
22,78,690
22,79,698
22,80,706
22,81,714
22,82,722
22,83,730
22,84,738
22,85,746
22,86,754
22,87,762
22,88,770
22,89,778
22,90,786
22,91,794
22,92,802
22,93,810
22,94,818
22,95,826
22,96,834
22,97,842
22,98,850
22,99,858
22,100,866
23,1,77
23,2,85
23,3,93
23,4,101
23,5,109
23,6,117
23,7,125
23,8,133
23,9,141
23,10,149
23,11,157
23,12,165
23,13,173
23,14,181
23,15,189
23,16,197
23,17,205
23,18,213
23,19,221
23,20,229
23,21,237
23,22,245
23,23,253
23,24,261
23,25,269
23,26,277
23,27,285
23,28,293
23,29,301
23,30,309
23,31,317
23,32,325
23,33,333
23,34,341
23,35,349
23,36,357
23,37,365
23,38,373
23,39,381
23,40,389
23,41,397
23,42,405
23,43,413
23,44,421
23,45,429
23,46,437
23,47,445
23,48,453
23,49,461
23,50,469
23,51,477
23,52,485
23,53,493
23,54,501
23,55,509
23,56,517
23,57,525
23,58,533
23,59,541
23,60,549
23,61,557
23,62,565
23,63,573
23,64,581
23,65,589
23,66,597
23,67,605
23,68,613
23,69,621
23,70,629
23,71,637
23,72,645
23,73,653
23,74,661
23,75,669
23,76,677
23,77,685
23,78,693
23,79,701
23,80,709
23,81,717
23,82,725
23,83,733
23,84,741
23,85,749
23,86,757
23,87,765
23,88,773
23,89,781
23,90,789
23,91,797
23,92,805
23,93,813
23,94,821
23,95,829
23,96,837
23,97,845
23,98,853
23,99,861
23,100,869
24,1,80
24,2,88
24,3,96
24,4,104
24,5,112
24,6,120
24,7,128
24,8,136
24,9,144
24,10,152
24,11,160
24,12,168
24,13,176
24,14,184
24,15,192
24,16,200
24,17,208
24,18,216
24,19,224
24,20,232
24,21,240
24,22,248
24,23,256
24,24,264
24,25,272
24,26,280
24,27,288
24,28,296
24,29,304
24,30,312
24,31,320
24,32,328
24,33,336
24,34,344
24,35,352
24,36,360
24,37,368
24,38,376
24,39,384
24,40,392
24,41,400
24,42,408
24,43,416
24,44,424
24,45,432
24,46,440
24,47,448
24,48,456
24,49,464
24,50,472
24,51,480
24,52,488
24,53,496
24,54,504
24,55,512
24,56,520
24,57,528
24,58,536
24,59,544
24,60,552
24,61,560
24,62,568
24,63,576
24,64,584
24,65,592
24,66,600
24,67,608
24,68,616
24,69,624
24,70,632
24,71,640
24,72,648
24,73,656
24,74,664
24,75,672
24,76,680
24,77,688
24,78,696
24,79,704
24,80,712
24,81,720
24,82,728
24,83,736
24,84,744
24,85,752
24,86,760
24,87,768
24,88,776
24,89,784
24,90,792
24,91,800
24,92,808
24,93,816
24,94,824
24,95,832
24,96,840
24,97,848
24,98,856
24,99,864
24,100,872
25,1,83
25,2,91
25,3,99
25,4,107
25,5,115
25,6,123
25,7,131
25,8,139
25,9,147
25,10,155
25,11,163
25,12,171
25,13,179
25,14,187
25,15,195
25,16,203
25,17,211
25,18,219
25,19,227
25,20,235
25,21,243
25,22,251
25,23,259
25,24,267
25,25,275
25,26,283
25,27,291
25,28,299
25,29,307
25,30,315
25,31,323
25,32,331
25,33,339
25,34,347
25,35,355
25,36,363
25,37,371
25,38,379
25,39,387
25,40,395
25,41,403
25,42,411
25,43,419
25,44,427
25,45,435
25,46,443
25,47,451
25,48,459
25,49,467
25,50,475
25,51,483
25,52,491
25,53,499
25,54,507
25,55,515
25,56,523
25,57,531
25,58,539
25,59,547
25,60,555
25,61,563
25,62,571
25,63,579
25,64,587
25,65,595
25,66,603
25,67,611
25,68,619
25,69,627
25,70,635
25,71,643
25,72,651
25,73,659
25,74,667
25,75,675
25,76,683
25,77,691
25,78,699
25,79,707
25,80,715
25,81,723
25,82,731
25,83,739
25,84,747
25,85,755
25,86,763
25,87,771
25,88,779
25,89,787
25,90,795
25,91,803
25,92,811
25,93,819
25,94,827
25,95,835
25,96,843
25,97,851
25,98,859
25,99,867
25,100,875
26,1,86
26,2,94
26,3,102
26,4,110
26,5,118
26,6,126
26,7,134
26,8,142
26,9,150
26,10,158
26,11,166
26,12,174
26,13,182
26,14,190
26,15,198
26,16,206
26,17,214
26,18,222
26,19,230
26,20,238
26,21,246
26,22,254
26,23,262
26,24,270
26,25,278
26,26,286
26,27,294
26,28,302
26,29,310
26,30,318
26,31,326
26,32,334
26,33,342
26,34,350
26,35,358
26,36,366
26,37,374
26,38,382
26,39,390
26,40,398
26,41,406
26,42,414
26,43,422
26,44,430
26,45,438
26,46,446
26,47,454
26,48,462
26,49,470
26,50,478
26,51,486
26,52,494
26,53,502
26,54,510
26,55,518
26,56,526
26,57,534
26,58,542
26,59,550
26,60,558
26,61,566
26,62,574
26,63,582
26,64,590
26,65,598
26,66,606
26,67,614
26,68,622
26,69,630
26,70,638
26,71,646
26,72,654
26,73,662
26,74,670
26,75,678
26,76,686
26,77,694
26,78,702
26,79,710
26,80,718
26,81,726
26,82,734
26,83,742
26,84,750
26,85,758
26,86,766
26,87,774
26,88,782
26,89,790
26,90,798
26,91,806
26,92,814
26,93,822
26,94,830
26,95,838
26,96,846
26,97,854
26,98,862
26,99,870
26,100,878
27,1,89
27,2,97
27,3,105
27,4,113
27,5,121
27,6,129
27,7,137
27,8,145
27,9,153
27,10,161
27,11,169
27,12,177
27,13,185
27,14,193
27,15,201
27,16,209
27,17,217
27,18,225
27,19,233
27,20,241
27,21,249
27,22,257
27,23,265
27,24,273
27,25,281
27,26,289
27,27,297
27,28,305
27,29,313
27,30,321
27,31,329
27,32,337
27,33,345
27,34,353
27,35,361
27,36,369
27,37,377
27,38,385
27,39,393
27,40,401
27,41,409
27,42,417
27,43,425
27,44,433
27,45,441
27,46,449
27,47,457
27,48,465
27,49,473
27,50,481
27,51,489
27,52,497
27,53,505
27,54,513
27,55,521
27,56,529
27,57,537
27,58,545
27,59,553
27,60,561
27,61,569
27,62,577
27,63,585
27,64,593
27,65,601
27,66,609
27,67,617
27,68,625
27,69,633
27,70,641
27,71,649
27,72,657
27,73,665
27,74,673
27,75,681
27,76,689
27,77,697
27,78,705
27,79,713
27,80,721
27,81,729
27,82,737
27,83,745
27,84,753
27,85,761
27,86,769
27,87,777
27,88,785
27,89,793
27,90,801
27,91,809
27,92,817
27,93,825
27,94,833
27,95,841
27,96,849
27,97,857
27,98,865
27,99,873
27,100,881
28,1,92
28,2,100
28,3,108
28,4,116
28,5,124
28,6,132
28,7,140
28,8,148
28,9,156
28,10,164
28,11,172
28,12,180
28,13,188
28,14,196
28,15,204
28,16,212
28,17,220
28,18,228
28,19,236
28,20,244
28,21,252
28,22,260
28,23,268
28,24,276
28,25,284
28,26,292
28,27,300
28,28,308
28,29,316
28,30,324
28,31,332
28,32,340
28,33,348
28,34,356
28,35,364
28,36,372
28,37,380
28,38,388
28,39,396
28,40,404
28,41,412
28,42,420
28,43,428
28,44,436
28,45,444
28,46,452
28,47,460
28,48,468
28,49,476
28,50,484
28,51,492
28,52,500
28,53,508
28,54,516
28,55,524
28,56,532
28,57,540
28,58,548
28,59,556
28,60,564
28,61,572
28,62,580
28,63,588
28,64,596
28,65,604
28,66,612
28,67,620
28,68,628
28,69,636
28,70,644
28,71,652
28,72,660
28,73,668
28,74,676
28,75,684
28,76,692
28,77,700
28,78,708
28,79,716
28,80,724
28,81,732
28,82,740
28,83,748
28,84,756
28,85,764
28,86,772
28,87,780
28,88,788
28,89,796
28,90,804
28,91,812
28,92,820
28,93,828
28,94,836
28,95,844
28,96,852
28,97,860
28,98,868
28,99,876
28,100,884
29,1,95
29,2,103
29,3,111
29,4,119
29,5,127
29,6,135
29,7,143
29,8,151
29,9,159
29,10,167
29,11,175
29,12,183
29,13,191
29,14,199
29,15,207
29,16,215
29,17,223
29,18,231
29,19,239
29,20,247
29,21,255
29,22,263
29,23,271
29,24,279
29,25,287
29,26,295
29,27,303
29,28,311
29,29,319
29,30,327
29,31,335
29,32,343
29,33,351
29,34,359
29,35,367
29,36,375
29,37,383
29,38,391
29,39,399
29,40,407
29,41,415
29,42,423
29,43,431
29,44,439
29,45,447
29,46,455
29,47,463
29,48,471
29,49,479
29,50,487
29,51,495
29,52,503
29,53,511
29,54,519
29,55,527
29,56,535
29,57,543
29,58,551
29,59,559
29,60,567
29,61,575
29,62,583
29,63,591
29,64,599
29,65,607
29,66,615
29,67,623
29,68,631
29,69,639
29,70,647
29,71,655
29,72,663
29,73,671
29,74,679
29,75,687
29,76,695
29,77,703
29,78,711
29,79,719
29,80,727
29,81,735
29,82,743
29,83,751
29,84,759
29,85,767
29,86,775
29,87,783
29,88,791
29,89,799
29,90,807
29,91,815
29,92,823
29,93,831
29,94,839
29,95,847
29,96,855
29,97,863
29,98,871
29,99,879
29,100,887
30,1,98
30,2,106
30,3,114
30,4,122
30,5,130
30,6,138
30,7,146
30,8,154
30,9,162
30,10,170
30,11,178
30,12,186
30,13,194
30,14,202
30,15,210
30,16,218
30,17,226
30,18,234
30,19,242
30,20,250
30,21,258
30,22,266
30,23,274
30,24,282
30,25,290
30,26,298
30,27,306
30,28,314
30,29,322
30,30,330
30,31,338
30,32,346
30,33,354
30,34,362
30,35,370
30,36,378
30,37,386
30,38,394
30,39,402
30,40,410
30,41,418
30,42,426
30,43,434
30,44,442
30,45,450
30,46,458
30,47,466
30,48,474
30,49,482
30,50,490
30,51,498
30,52,506
30,53,514
30,54,522
30,55,530
30,56,538
30,57,546
30,58,554
30,59,562
30,60,570
30,61,578
30,62,586
30,63,594
30,64,602
30,65,610
30,66,618
30,67,626
30,68,634
30,69,642
30,70,650
30,71,658
30,72,666
30,73,674
30,74,682
30,75,690
30,76,698
30,77,706
30,78,714
30,79,722
30,80,730
30,81,738
30,82,746
30,83,754
30,84,762
30,85,770
30,86,778
30,87,786
30,88,794
30,89,802
30,90,810
30,91,818
30,92,826
30,93,834
30,94,842
30,95,850
30,96,858
30,97,866
30,98,874
30,99,882
30,100,890
31,1,101
31,2,109
31,3,117
31,4,125
31,5,133
31,6,141
31,7,149
31,8,157
31,9,165
31,10,173
31,11,181
31,12,189
31,13,197
31,14,205
31,15,213
31,16,221
31,17,229
31,18,237
31,19,245
31,20,253
31,21,261
31,22,269
31,23,277
31,24,285
31,25,293
31,26,301
31,27,309
31,28,317
31,29,325
31,30,333
31,31,341
31,32,349
31,33,357
31,34,365
31,35,373
31,36,381
31,37,389
31,38,397
31,39,405
31,40,413
31,41,421
31,42,429
31,43,437
31,44,445
31,45,453
31,46,461
31,47,469
31,48,477
31,49,485
31,50,493
31,51,501
31,52,509
31,53,517
31,54,525
31,55,533
31,56,541
31,57,549
31,58,557
31,59,565
31,60,573
31,61,581
31,62,589
31,63,597
31,64,605
31,65,613
31,66,621
31,67,629
31,68,637
31,69,645
31,70,653
31,71,661
31,72,669
31,73,677
31,74,685
31,75,693
31,76,701
31,77,709
31,78,717
31,79,725
31,80,733
31,81,741
31,82,749
31,83,757
31,84,765
31,85,773
31,86,781
31,87,789
31,88,797
31,89,805
31,90,813
31,91,821
31,92,829
31,93,837
31,94,845
31,95,853
31,96,861
31,97,869
31,98,877
31,99,885
31,100,893
32,1,104
32,2,112
32,3,120
32,4,128
32,5,136
32,6,144
32,7,152
32,8,160
32,9,168
32,10,176
32,11,184
32,12,192
32,13,200
32,14,208
32,15,216
32,16,224
32,17,232
32,18,240
32,19,248
32,20,256
32,21,264
32,22,272
32,23,280
32,24,288
32,25,296
32,26,304
32,27,312
32,28,320
32,29,328
32,30,336
32,31,344
32,32,352
32,33,360
32,34,368
32,35,376
32,36,384
32,37,392
32,38,400
32,39,408
32,40,416
32,41,424
32,42,432
32,43,440
32,44,448
32,45,456
32,46,464
32,47,472
32,48,480
32,49,488
32,50,496
32,51,504
32,52,512
32,53,520
32,54,528
32,55,536
32,56,544
32,57,552
32,58,560
32,59,568
32,60,576
32,61,584
32,62,592
32,63,600
32,64,608
32,65,616
32,66,624
32,67,632
32,68,640
32,69,648
32,70,656
32,71,664
32,72,672
32,73,680
32,74,688
32,75,696
32,76,704
32,77,712
32,78,720
32,79,728
32,80,736
32,81,744
32,82,752
32,83,760
32,84,768
32,85,776
32,86,784
32,87,792
32,88,800
32,89,808
32,90,816
32,91,824
32,92,832
32,93,840
32,94,848
32,95,856
32,96,864
32,97,872
32,98,880
32,99,888
32,100,896
33,1,107
33,2,115
33,3,123
33,4,131
33,5,139
33,6,147
33,7,155
33,8,163
33,9,171
33,10,179
33,11,187
33,12,195
33,13,203
33,14,211
33,15,219
33,16,227
33,17,235
33,18,243
33,19,251
33,20,259
33,21,267
33,22,275
33,23,283
33,24,291
33,25,299
33,26,307
33,27,315
33,28,323
33,29,331
33,30,339
33,31,347
33,32,355
33,33,363
33,34,371
33,35,379
33,36,387
33,37,395
33,38,403
33,39,411
33,40,419
33,41,427
33,42,435
33,43,443
33,44,451
33,45,459
33,46,467
33,47,475
33,48,483
33,49,491
33,50,499
33,51,507
33,52,515
33,53,523
33,54,531
33,55,539
33,56,547
33,57,555
33,58,563
33,59,571
33,60,579
33,61,587
33,62,595
33,63,603
33,64,611
33,65,619
33,66,627
33,67,635
33,68,643
33,69,651
33,70,659
33,71,667
33,72,675
33,73,683
33,74,691
33,75,699
33,76,707
33,77,715
33,78,723
33,79,731
33,80,739
33,81,747
33,82,755
33,83,763
33,84,771
33,85,779
33,86,787
33,87,795
33,88,803
33,89,811
33,90,819
33,91,827
33,92,835
33,93,843
33,94,851
33,95,859
33,96,867
33,97,875
33,98,883
33,99,891
33,100,899
34,1,110
34,2,118
34,3,126
34,4,134
34,5,142
34,6,150
34,7,158
34,8,166
34,9,174
34,10,182
34,11,190
34,12,198
34,13,206
34,14,214
34,15,222
34,16,230
34,17,238
34,18,246
34,19,254
34,20,262
34,21,270
34,22,278
34,23,286
34,24,294
34,25,302
34,26,310
34,27,318
34,28,326
34,29,334
34,30,342
34,31,350
34,32,358
34,33,366
34,34,374
34,35,382
34,36,390
34,37,398
34,38,406
34,39,414
34,40,422
34,41,430
34,42,438
34,43,446
34,44,454
34,45,462
34,46,470
34,47,478
34,48,486
34,49,494
34,50,502
34,51,510
34,52,518
34,53,526
34,54,534
34,55,542
34,56,550
34,57,558
34,58,566
34,59,574
34,60,582
34,61,590
34,62,598
34,63,606
34,64,614
34,65,622
34,66,630
34,67,638
34,68,646
34,69,654
34,70,662
34,71,670
34,72,678
34,73,686
34,74,694
34,75,702
34,76,710
34,77,718
34,78,726
34,79,734
34,80,742
34,81,750
34,82,758
34,83,766
34,84,774
34,85,782
34,86,790
34,87,798
34,88,806
34,89,814
34,90,822
34,91,830
34,92,838
34,93,846
34,94,854
34,95,862
34,96,870
34,97,878
34,98,886
34,99,894
34,100,902
35,1,113
35,2,121
35,3,129
35,4,137
35,5,145
35,6,153
35,7,161
35,8,169
35,9,177
35,10,185
35,11,193
35,12,201
35,13,209
35,14,217
35,15,225
35,16,233
35,17,241
35,18,249
35,19,257
35,20,265
35,21,273
35,22,281
35,23,289
35,24,297
35,25,305
35,26,313
35,27,321
35,28,329
35,29,337
35,30,345
35,31,353
35,32,361
35,33,369
35,34,377
35,35,385
35,36,393
35,37,401
35,38,409
35,39,417
35,40,425
35,41,433
35,42,441
35,43,449
35,44,457
35,45,465
35,46,473
35,47,481
35,48,489
35,49,497
35,50,505
35,51,513
35,52,521
35,53,529
35,54,537
35,55,545
35,56,553
35,57,561
35,58,569
35,59,577
35,60,585
35,61,593
35,62,601
35,63,609
35,64,617
35,65,625
35,66,633
35,67,641
35,68,649
35,69,657
35,70,665
35,71,673
35,72,681
35,73,689
35,74,697
35,75,705
35,76,713
35,77,721
35,78,729
35,79,737
35,80,745
35,81,753
35,82,761
35,83,769
35,84,777
35,85,785
35,86,793
35,87,801
35,88,809
35,89,817
35,90,825
35,91,833
35,92,841
35,93,849
35,94,857
35,95,865
35,96,873
35,97,881
35,98,889
35,99,897
35,100,905
36,1,116
36,2,124
36,3,132
36,4,140
36,5,148
36,6,156
36,7,164
36,8,172
36,9,180
36,10,188
36,11,196
36,12,204
36,13,212
36,14,220
36,15,228
36,16,236
36,17,244
36,18,252
36,19,260
36,20,268
36,21,276
36,22,284
36,23,292
36,24,300
36,25,308
36,26,316
36,27,324
36,28,332
36,29,340
36,30,348
36,31,356
36,32,364
36,33,372
36,34,380
36,35,388
36,36,396
36,37,404
36,38,412
36,39,420
36,40,428
36,41,436
36,42,444
36,43,452
36,44,460
36,45,468
36,46,476
36,47,484
36,48,492
36,49,500
36,50,508
36,51,516
36,52,524
36,53,532
36,54,540
36,55,548
36,56,556
36,57,564
36,58,572
36,59,580
36,60,588
36,61,596
36,62,604
36,63,612
36,64,620
36,65,628
36,66,636
36,67,644
36,68,652
36,69,660
36,70,668
36,71,676
36,72,684
36,73,692
36,74,700
36,75,708
36,76,716
36,77,724
36,78,732
36,79,740
36,80,748
36,81,756
36,82,764
36,83,772
36,84,780
36,85,788
36,86,796
36,87,804
36,88,812
36,89,820
36,90,828
36,91,836
36,92,844
36,93,852
36,94,860
36,95,868
36,96,876
36,97,884
36,98,892
36,99,900
36,100,908
37,1,119
37,2,127
37,3,135
37,4,143
37,5,151
37,6,159
37,7,167
37,8,175
37,9,183
37,10,191
37,11,199
37,12,207
37,13,215
37,14,223
37,15,231
37,16,239
37,17,247
37,18,255
37,19,263
37,20,271
37,21,279
37,22,287
37,23,295
37,24,303
37,25,311
37,26,319
37,27,327
37,28,335
37,29,343
37,30,351
37,31,359
37,32,367
37,33,375
37,34,383
37,35,391
37,36,399
37,37,407
37,38,415
37,39,423
37,40,431
37,41,439
37,42,447
37,43,455
37,44,463
37,45,471
37,46,479
37,47,487
37,48,495
37,49,503
37,50,511
37,51,519
37,52,527
37,53,535
37,54,543
37,55,551
37,56,559
37,57,567
37,58,575
37,59,583
37,60,591
37,61,599
37,62,607
37,63,615
37,64,623
37,65,631
37,66,639
37,67,647
37,68,655
37,69,663
37,70,671
37,71,679
37,72,687
37,73,695
37,74,703
37,75,711
37,76,719
37,77,727
37,78,735
37,79,743
37,80,751
37,81,759
37,82,767
37,83,775
37,84,783
37,85,791
37,86,799
37,87,807
37,88,815
37,89,823
37,90,831
37,91,839
37,92,847
37,93,855
37,94,863
37,95,871
37,96,879
37,97,887
37,98,895
37,99,903
37,100,911
38,1,122
38,2,130
38,3,138
38,4,146
38,5,154
38,6,162
38,7,170
38,8,178
38,9,186
38,10,194
38,11,202
38,12,210
38,13,218
38,14,226
38,15,234
38,16,242
38,17,250
38,18,258
38,19,266
38,20,274
38,21,282
38,22,290
38,23,298
38,24,306
38,25,314
38,26,322
38,27,330
38,28,338
38,29,346
38,30,354
38,31,362
38,32,370
38,33,378
38,34,386
38,35,394
38,36,402
38,37,410
38,38,418
38,39,426
38,40,434
38,41,442
38,42,450
38,43,458
38,44,466
38,45,474
38,46,482
38,47,490
38,48,498
38,49,506
38,50,514
38,51,522
38,52,530
38,53,538
38,54,546
38,55,554
38,56,562
38,57,570
38,58,578
38,59,586
38,60,594
38,61,602
38,62,610
38,63,618
38,64,626
38,65,634
38,66,642
38,67,650
38,68,658
38,69,666
38,70,674
38,71,682
38,72,690
38,73,698
38,74,706
38,75,714
38,76,722
38,77,730
38,78,738
38,79,746
38,80,754
38,81,762
38,82,770
38,83,778
38,84,786
38,85,794
38,86,802
38,87,810
38,88,818
38,89,826
38,90,834
38,91,842
38,92,850
38,93,858
38,94,866
38,95,874
38,96,882
38,97,890
38,98,898
38,99,906
38,100,914
39,1,125
39,2,133
39,3,141
39,4,149
39,5,157
39,6,165
39,7,173
39,8,181
39,9,189
39,10,197
39,11,205
39,12,213
39,13,221
39,14,229
39,15,237
39,16,245
39,17,253
39,18,261
39,19,269
39,20,277
39,21,285
39,22,293
39,23,301
39,24,309
39,25,317
39,26,325
39,27,333
39,28,341
39,29,349
39,30,357
39,31,365
39,32,373
39,33,381
39,34,389
39,35,397
39,36,405
39,37,413
39,38,421
39,39,429
39,40,437
39,41,445
39,42,453
39,43,461
39,44,469
39,45,477
39,46,485
39,47,493
39,48,501
39,49,509
39,50,517
39,51,525
39,52,533
39,53,541
39,54,549
39,55,557
39,56,565
39,57,573
39,58,581
39,59,589
39,60,597
39,61,605
39,62,613
39,63,621
39,64,629
39,65,637
39,66,645
39,67,653
39,68,661
39,69,669
39,70,677
39,71,685
39,72,693
39,73,701
39,74,709
39,75,717
39,76,725
39,77,733
39,78,741
39,79,749
39,80,757
39,81,765
39,82,773
39,83,781
39,84,789
39,85,797
39,86,805
39,87,813
39,88,821
39,89,829
39,90,837
39,91,845
39,92,853
39,93,861
39,94,869
39,95,877
39,96,885
39,97,893
39,98,901
39,99,909
39,100,917
40,1,128
40,2,136
40,3,144
40,4,152
40,5,160
40,6,168
40,7,176
40,8,184
40,9,192
40,10,200
40,11,208
40,12,216
40,13,224
40,14,232
40,15,240
40,16,248
40,17,256
40,18,264
40,19,272
40,20,280
40,21,288
40,22,296
40,23,304
40,24,312
40,25,320
40,26,328
40,27,336
40,28,344
40,29,352
40,30,360
40,31,368
40,32,376
40,33,384
40,34,392
40,35,400
40,36,408
40,37,416
40,38,424
40,39,432
40,40,440
40,41,448
40,42,456
40,43,464
40,44,472
40,45,480
40,46,488
40,47,496
40,48,504
40,49,512
40,50,520
40,51,528
40,52,536
40,53,544
40,54,552
40,55,560
40,56,568
40,57,576
40,58,584
40,59,592
40,60,600
40,61,608
40,62,616
40,63,624
40,64,632
40,65,640
40,66,648
40,67,656
40,68,664
40,69,672
40,70,680
40,71,688
40,72,696
40,73,704
40,74,712
40,75,720
40,76,728
40,77,736
40,78,744
40,79,752
40,80,760
40,81,768
40,82,776
40,83,784
40,84,792
40,85,800
40,86,808
40,87,816
40,88,824
40,89,832
40,90,840
40,91,848
40,92,856
40,93,864
40,94,872
40,95,880
40,96,888
40,97,896
40,98,904
40,99,912
40,100,920
41,1,131
41,2,139
41,3,147
41,4,155
41,5,163
41,6,171
41,7,179
41,8,187
41,9,195
41,10,203
41,11,211
41,12,219
41,13,227
41,14,235
41,15,243
41,16,251
41,17,259
41,18,267
41,19,275
41,20,283
41,21,291
41,22,299
41,23,307
41,24,315
41,25,323
41,26,331
41,27,339
41,28,347
41,29,355
41,30,363
41,31,371
41,32,379
41,33,387
41,34,395
41,35,403
41,36,411
41,37,419
41,38,427
41,39,435
41,40,443
41,41,451
41,42,459
41,43,467
41,44,475
41,45,483
41,46,491
41,47,499
41,48,507
41,49,515
41,50,523
41,51,531
41,52,539
41,53,547
41,54,555
41,55,563
41,56,571
41,57,579
41,58,587
41,59,595
41,60,603
41,61,611
41,62,619
41,63,627
41,64,635
41,65,643
41,66,651
41,67,659
41,68,667
41,69,675
41,70,683
41,71,691
41,72,699
41,73,707
41,74,715
41,75,723
41,76,731
41,77,739
41,78,747
41,79,755
41,80,763
41,81,771
41,82,779
41,83,787
41,84,795
41,85,803
41,86,811
41,87,819
41,88,827
41,89,835
41,90,843
41,91,851
41,92,859
41,93,867
41,94,875
41,95,883
41,96,891
41,97,899
41,98,907
41,99,915
41,100,923
42,1,134
42,2,142
42,3,150
42,4,158
42,5,166
42,6,174
42,7,182
42,8,190
42,9,198
42,10,206
42,11,214
42,12,222
42,13,230
42,14,238
42,15,246
42,16,254
42,17,262
42,18,270
42,19,278
42,20,286
42,21,294
42,22,302
42,23,310
42,24,318
42,25,326
42,26,334
42,27,342
42,28,350
42,29,358
42,30,366
42,31,374
42,32,382
42,33,390
42,34,398
42,35,406
42,36,414
42,37,422
42,38,430
42,39,438
42,40,446
42,41,454
42,42,462
42,43,470
42,44,478
42,45,486
42,46,494
42,47,502
42,48,510
42,49,518
42,50,526
42,51,534
42,52,542
42,53,550
42,54,558
42,55,566
42,56,574
42,57,582
42,58,590
42,59,598
42,60,606
42,61,614
42,62,622
42,63,630
42,64,638
42,65,646
42,66,654
42,67,662
42,68,670
42,69,678
42,70,686
42,71,694
42,72,702
42,73,710
42,74,718
42,75,726
42,76,734
42,77,742
42,78,750
42,79,758
42,80,766
42,81,774
42,82,782
42,83,790
42,84,798
42,85,806
42,86,814
42,87,822
42,88,830
42,89,838
42,90,846
42,91,854
42,92,862
42,93,870
42,94,878
42,95,886
42,96,894
42,97,902
42,98,910
42,99,918
42,100,926
43,1,137
43,2,145
43,3,153
43,4,161
43,5,169
43,6,177
43,7,185
43,8,193
43,9,201
43,10,209
43,11,217
43,12,225
43,13,233
43,14,241
43,15,249
43,16,257
43,17,265
43,18,273
43,19,281
43,20,289
43,21,297
43,22,305
43,23,313
43,24,321
43,25,329
43,26,337
43,27,345
43,28,353
43,29,361
43,30,369
43,31,377
43,32,385
43,33,393
43,34,401
43,35,409
43,36,417
43,37,425
43,38,433
43,39,441
43,40,449
43,41,457
43,42,465
43,43,473
43,44,481
43,45,489
43,46,497
43,47,505
43,48,513
43,49,521
43,50,529
43,51,537
43,52,545
43,53,553
43,54,561
43,55,569
43,56,577
43,57,585
43,58,593
43,59,601
43,60,609
43,61,617
43,62,625
43,63,633
43,64,641
43,65,649
43,66,657
43,67,665
43,68,673
43,69,681
43,70,689
43,71,697
43,72,705
43,73,713
43,74,721
43,75,729
43,76,737
43,77,745
43,78,753
43,79,761
43,80,769
43,81,777
43,82,785
43,83,793
43,84,801
43,85,809
43,86,817
43,87,825
43,88,833
43,89,841
43,90,849
43,91,857
43,92,865
43,93,873
43,94,881
43,95,889
43,96,897
43,97,905
43,98,913
43,99,921
43,100,929
44,1,140
44,2,148
44,3,156
44,4,164
44,5,172
44,6,180
44,7,188
44,8,196
44,9,204
44,10,212
44,11,220
44,12,228
44,13,236
44,14,244
44,15,252
44,16,260
44,17,268
44,18,276
44,19,284
44,20,292
44,21,300
44,22,308
44,23,316
44,24,324
44,25,332
44,26,340
44,27,348
44,28,356
44,29,364
44,30,372
44,31,380
44,32,388
44,33,396
44,34,404
44,35,412
44,36,420
44,37,428
44,38,436
44,39,444
44,40,452
44,41,460
44,42,468
44,43,476
44,44,484
44,45,492
44,46,500
44,47,508
44,48,516
44,49,524
44,50,532
44,51,540
44,52,548
44,53,556
44,54,564
44,55,572
44,56,580
44,57,588
44,58,596
44,59,604
44,60,612
44,61,620
44,62,628
44,63,636
44,64,644
44,65,652
44,66,660
44,67,668
44,68,676
44,69,684
44,70,692
44,71,700
44,72,708
44,73,716
44,74,724
44,75,732
44,76,740
44,77,748
44,78,756
44,79,764
44,80,772
44,81,780
44,82,788
44,83,796
44,84,804
44,85,812
44,86,820
44,87,828
44,88,836
44,89,844
44,90,852
44,91,860
44,92,868
44,93,876
44,94,884
44,95,892
44,96,900
44,97,908
44,98,916
44,99,924
44,100,932
45,1,143
45,2,151
45,3,159
45,4,167
45,5,175
45,6,183
45,7,191
45,8,199
45,9,207
45,10,215
45,11,223
45,12,231
45,13,239
45,14,247
45,15,255
45,16,263
45,17,271
45,18,279
45,19,287
45,20,295
45,21,303
45,22,311
45,23,319
45,24,327
45,25,335
45,26,343
45,27,351
45,28,359
45,29,367
45,30,375
45,31,383
45,32,391
45,33,399
45,34,407
45,35,415
45,36,423
45,37,431
45,38,439
45,39,447
45,40,455
45,41,463
45,42,471
45,43,479
45,44,487
45,45,495
45,46,503
45,47,511
45,48,519
45,49,527
45,50,535
45,51,543
45,52,551
45,53,559
45,54,567
45,55,575
45,56,583
45,57,591
45,58,599
45,59,607
45,60,615
45,61,623
45,62,631
45,63,639
45,64,647
45,65,655
45,66,663
45,67,671
45,68,679
45,69,687
45,70,695
45,71,703
45,72,711
45,73,719
45,74,727
45,75,735
45,76,743
45,77,751
45,78,759
45,79,767
45,80,775
45,81,783
45,82,791
45,83,799
45,84,807
45,85,815
45,86,823
45,87,831
45,88,839
45,89,847
45,90,855
45,91,863
45,92,871
45,93,879
45,94,887
45,95,895
45,96,903
45,97,911
45,98,919
45,99,927
45,100,935
46,1,146
46,2,154
46,3,162
46,4,170
46,5,178
46,6,186
46,7,194
46,8,202
46,9,210
46,10,218
46,11,226
46,12,234
46,13,242
46,14,250
46,15,258
46,16,266
46,17,274
46,18,282
46,19,290
46,20,298
46,21,306
46,22,314
46,23,322
46,24,330
46,25,338
46,26,346
46,27,354
46,28,362
46,29,370
46,30,378
46,31,386
46,32,394
46,33,402
46,34,410
46,35,418
46,36,426
46,37,434
46,38,442
46,39,450
46,40,458
46,41,466
46,42,474
46,43,482
46,44,490
46,45,498
46,46,506
46,47,514
46,48,522
46,49,530
46,50,538
46,51,546
46,52,554
46,53,562
46,54,570
46,55,578
46,56,586
46,57,594
46,58,602
46,59,610
46,60,618
46,61,626
46,62,634
46,63,642
46,64,650
46,65,658
46,66,666
46,67,674
46,68,682
46,69,690
46,70,698
46,71,706
46,72,714
46,73,722
46,74,730
46,75,738
46,76,746
46,77,754
46,78,762
46,79,770
46,80,778
46,81,786
46,82,794
46,83,802
46,84,810
46,85,818
46,86,826
46,87,834
46,88,842
46,89,850
46,90,858
46,91,866
46,92,874
46,93,882
46,94,890
46,95,898
46,96,906
46,97,914
46,98,922
46,99,930
46,100,938
47,1,149
47,2,157
47,3,165
47,4,173
47,5,181
47,6,189
47,7,197
47,8,205
47,9,213
47,10,221
47,11,229
47,12,237
47,13,245
47,14,253
47,15,261
47,16,269
47,17,277
47,18,285
47,19,293
47,20,301
47,21,309
47,22,317
47,23,325
47,24,333
47,25,341
47,26,349
47,27,357
47,28,365
47,29,373
47,30,381
47,31,389
47,32,397
47,33,405
47,34,413
47,35,421
47,36,429
47,37,437
47,38,445
47,39,453
47,40,461
47,41,469
47,42,477
47,43,485
47,44,493
47,45,501
47,46,509
47,47,517
47,48,525
47,49,533
47,50,541
47,51,549
47,52,557
47,53,565
47,54,573
47,55,581
47,56,589
47,57,597
47,58,605
47,59,613
47,60,621
47,61,629
47,62,637
47,63,645
47,64,653
47,65,661
47,66,669
47,67,677
47,68,685
47,69,693
47,70,701
47,71,709
47,72,717
47,73,725
47,74,733
47,75,741
47,76,749
47,77,757
47,78,765
47,79,773
47,80,781
47,81,789
47,82,797
47,83,805
47,84,813
47,85,821
47,86,829
47,87,837
47,88,845
47,89,853
47,90,861
47,91,869
47,92,877
47,93,885
47,94,893
47,95,901
47,96,909
47,97,917
47,98,925
47,99,933
47,100,941
48,1,152
48,2,160
48,3,168
48,4,176
48,5,184
48,6,192
48,7,200
48,8,208
48,9,216
48,10,224
48,11,232
48,12,240
48,13,248
48,14,256
48,15,264
48,16,272
48,17,280
48,18,288
48,19,296
48,20,304
48,21,312
48,22,320
48,23,328
48,24,336
48,25,344
48,26,352
48,27,360
48,28,368
48,29,376
48,30,384
48,31,392
48,32,400
48,33,408
48,34,416
48,35,424
48,36,432
48,37,440
48,38,448
48,39,456
48,40,464
48,41,472
48,42,480
48,43,488
48,44,496
48,45,504
48,46,512
48,47,520
48,48,528
48,49,536
48,50,544
48,51,552
48,52,560
48,53,568
48,54,576
48,55,584
48,56,592
48,57,600
48,58,608
48,59,616
48,60,624
48,61,632
48,62,640
48,63,648
48,64,656
48,65,664
48,66,672
48,67,680
48,68,688
48,69,696
48,70,704
48,71,712
48,72,720
48,73,728
48,74,736
48,75,744
48,76,752
48,77,760
48,78,768
48,79,776
48,80,784
48,81,792
48,82,800
48,83,808
48,84,816
48,85,824
48,86,832
48,87,840
48,88,848
48,89,856
48,90,864
48,91,872
48,92,880
48,93,888
48,94,896
48,95,904
48,96,912
48,97,920
48,98,928
48,99,936
48,100,944
49,1,155
49,2,163
49,3,171
49,4,179
49,5,187
49,6,195
49,7,203
49,8,211
49,9,219
49,10,227
49,11,235
49,12,243
49,13,251
49,14,259
49,15,267
49,16,275
49,17,283
49,18,291
49,19,299
49,20,307
49,21,315
49,22,323
49,23,331
49,24,339
49,25,347
49,26,355
49,27,363
49,28,371
49,29,379
49,30,387
49,31,395
49,32,403
49,33,411
49,34,419
49,35,427
49,36,435
49,37,443
49,38,451
49,39,459
49,40,467
49,41,475
49,42,483
49,43,491
49,44,499
49,45,507
49,46,515
49,47,523
49,48,531
49,49,539
49,50,547
49,51,555
49,52,563
49,53,571
49,54,579
49,55,587
49,56,595
49,57,603
49,58,611
49,59,619
49,60,627
49,61,635
49,62,643
49,63,651
49,64,659
49,65,667
49,66,675
49,67,683
49,68,691
49,69,699
49,70,707
49,71,715
49,72,723
49,73,731
49,74,739
49,75,747
49,76,755
49,77,763
49,78,771
49,79,779
49,80,787
49,81,795
49,82,803
49,83,811
49,84,819
49,85,827
49,86,835
49,87,843
49,88,851
49,89,859
49,90,867
49,91,875
49,92,883
49,93,891
49,94,899
49,95,907
49,96,915
49,97,923
49,98,931
49,99,939
49,100,947
50,1,158
50,2,166
50,3,174
50,4,182
50,5,190
50,6,198
50,7,206
50,8,214
50,9,222
50,10,230
50,11,238
50,12,246
50,13,254
50,14,262
50,15,270
50,16,278
50,17,286
50,18,294
50,19,302
50,20,310
50,21,318
50,22,326
50,23,334
50,24,342
50,25,350
50,26,358
50,27,366
50,28,374
50,29,382
50,30,390
50,31,398
50,32,406
50,33,414
50,34,422
50,35,430
50,36,438
50,37,446
50,38,454
50,39,462
50,40,470
50,41,478
50,42,486
50,43,494
50,44,502
50,45,510
50,46,518
50,47,526
50,48,534
50,49,542
50,50,550
50,51,558
50,52,566
50,53,574
50,54,582
50,55,590
50,56,598
50,57,606
50,58,614
50,59,622
50,60,630
50,61,638
50,62,646
50,63,654
50,64,662
50,65,670
50,66,678
50,67,686
50,68,694
50,69,702
50,70,710
50,71,718
50,72,726
50,73,734
50,74,742
50,75,750
50,76,758
50,77,766
50,78,774
50,79,782
50,80,790
50,81,798
50,82,806
50,83,814
50,84,822
50,85,830
50,86,838
50,87,846
50,88,854
50,89,862
50,90,870
50,91,878
50,92,886
50,93,894
50,94,902
50,95,910
50,96,918
50,97,926
50,98,934
50,99,942
50,100,950
51,1,161
51,2,169
51,3,177
51,4,185
51,5,193
51,6,201
51,7,209
51,8,217
51,9,225
51,10,233
51,11,241
51,12,249
51,13,257
51,14,265
51,15,273
51,16,281
51,17,289
51,18,297
51,19,305
51,20,313
51,21,321
51,22,329
51,23,337
51,24,345
51,25,353
51,26,361
51,27,369
51,28,377
51,29,385
51,30,393
51,31,401
51,32,409
51,33,417
51,34,425
51,35,433
51,36,441
51,37,449
51,38,457
51,39,465
51,40,473
51,41,481
51,42,489
51,43,497
51,44,505
51,45,513
51,46,521
51,47,529
51,48,537
51,49,545
51,50,553
51,51,561
51,52,569
51,53,577
51,54,585
51,55,593
51,56,601
51,57,609
51,58,617
51,59,625
51,60,633
51,61,641
51,62,649
51,63,657
51,64,665
51,65,673
51,66,681
51,67,689
51,68,697
51,69,705
51,70,713
51,71,721
51,72,729
51,73,737
51,74,745
51,75,753
51,76,761
51,77,769
51,78,777
51,79,785
51,80,793
51,81,801
51,82,809
51,83,817
51,84,825
51,85,833
51,86,841
51,87,849
51,88,857
51,89,865
51,90,873
51,91,881
51,92,889
51,93,897
51,94,905
51,95,913
51,96,921
51,97,929
51,98,937
51,99,945
51,100,953
52,1,164
52,2,172
52,3,180
52,4,188
52,5,196
52,6,204
52,7,212
52,8,220
52,9,228
52,10,236
52,11,244
52,12,252
52,13,260
52,14,268
52,15,276
52,16,284
52,17,292
52,18,300
52,19,308
52,20,316
52,21,324
52,22,332
52,23,340
52,24,348
52,25,356
52,26,364
52,27,372
52,28,380
52,29,388
52,30,396
52,31,404
52,32,412
52,33,420
52,34,428
52,35,436
52,36,444
52,37,452
52,38,460
52,39,468
52,40,476
52,41,484
52,42,492
52,43,500
52,44,508
52,45,516
52,46,524
52,47,532
52,48,540
52,49,548
52,50,556
52,51,564
52,52,572
52,53,580
52,54,588
52,55,596
52,56,604
52,57,612
52,58,620
52,59,628
52,60,636
52,61,644
52,62,652
52,63,660
52,64,668
52,65,676
52,66,684
52,67,692
52,68,700
52,69,708
52,70,716
52,71,724
52,72,732
52,73,740
52,74,748
52,75,756
52,76,764
52,77,772
52,78,780
52,79,788
52,80,796
52,81,804
52,82,812
52,83,820
52,84,828
52,85,836
52,86,844
52,87,852
52,88,860
52,89,868
52,90,876
52,91,884
52,92,892
52,93,900
52,94,908
52,95,916
52,96,924
52,97,932
52,98,940
52,99,948
52,100,956
53,1,167
53,2,175
53,3,183
53,4,191
53,5,199
53,6,207
53,7,215
53,8,223
53,9,231
53,10,239
53,11,247
53,12,255
53,13,263
53,14,271
53,15,279
53,16,287
53,17,295
53,18,303
53,19,311
53,20,319
53,21,327
53,22,335
53,23,343
53,24,351
53,25,359
53,26,367
53,27,375
53,28,383
53,29,391
53,30,399
53,31,407
53,32,415
53,33,423
53,34,431
53,35,439
53,36,447
53,37,455
53,38,463
53,39,471
53,40,479
53,41,487
53,42,495
53,43,503
53,44,511
53,45,519
53,46,527
53,47,535
53,48,543
53,49,551
53,50,559
53,51,567
53,52,575
53,53,583
53,54,591
53,55,599
53,56,607
53,57,615
53,58,623
53,59,631
53,60,639
53,61,647
53,62,655
53,63,663
53,64,671
53,65,679
53,66,687
53,67,695
53,68,703
53,69,711
53,70,719
53,71,727
53,72,735
53,73,743
53,74,751
53,75,759
53,76,767
53,77,775
53,78,783
53,79,791
53,80,799
53,81,807
53,82,815
53,83,823
53,84,831
53,85,839
53,86,847
53,87,855
53,88,863
53,89,871
53,90,879
53,91,887
53,92,895
53,93,903
53,94,911
53,95,919
53,96,927
53,97,935
53,98,943
53,99,951
53,100,959
54,1,170
54,2,178
54,3,186
54,4,194
54,5,202
54,6,210
54,7,218
54,8,226
54,9,234
54,10,242
54,11,250
54,12,258
54,13,266
54,14,274
54,15,282
54,16,290
54,17,298
54,18,306
54,19,314
54,20,322
54,21,330
54,22,338
54,23,346
54,24,354
54,25,362
54,26,370
54,27,378
54,28,386
54,29,394
54,30,402
54,31,410
54,32,418
54,33,426
54,34,434
54,35,442
54,36,450
54,37,458
54,38,466
54,39,474
54,40,482
54,41,490
54,42,498
54,43,506
54,44,514
54,45,522
54,46,530
54,47,538
54,48,546
54,49,554
54,50,562
54,51,570
54,52,578
54,53,586
54,54,594
54,55,602
54,56,610
54,57,618
54,58,626
54,59,634
54,60,642
54,61,650
54,62,658
54,63,666
54,64,674
54,65,682
54,66,690
54,67,698
54,68,706
54,69,714
54,70,722
54,71,730
54,72,738
54,73,746
54,74,754
54,75,762
54,76,770
54,77,778
54,78,786
54,79,794
54,80,802
54,81,810
54,82,818
54,83,826
54,84,834
54,85,842
54,86,850
54,87,858
54,88,866
54,89,874
54,90,882
54,91,890
54,92,898
54,93,906
54,94,914
54,95,922
54,96,930
54,97,938
54,98,946
54,99,954
54,100,962
55,1,173
55,2,181
55,3,189
55,4,197
55,5,205
55,6,213
55,7,221
55,8,229
55,9,237
55,10,245
55,11,253
55,12,261
55,13,269
55,14,277
55,15,285
55,16,293
55,17,301
55,18,309
55,19,317
55,20,325
55,21,333
55,22,341
55,23,349
55,24,357
55,25,365
55,26,373
55,27,381
55,28,389
55,29,397
55,30,405
55,31,413
55,32,421
55,33,429
55,34,437
55,35,445
55,36,453
55,37,461
55,38,469
55,39,477
55,40,485
55,41,493
55,42,501
55,43,509
55,44,517
55,45,525
55,46,533
55,47,541
55,48,549
55,49,557
55,50,565
55,51,573
55,52,581
55,53,589
55,54,597
55,55,605
55,56,613
55,57,621
55,58,629
55,59,637
55,60,645
55,61,653
55,62,661
55,63,669
55,64,677
55,65,685
55,66,693
55,67,701
55,68,709
55,69,717
55,70,725
55,71,733
55,72,741
55,73,749
55,74,757
55,75,765
55,76,773
55,77,781
55,78,789
55,79,797
55,80,805
55,81,813
55,82,821
55,83,829
55,84,837
55,85,845
55,86,853
55,87,861
55,88,869
55,89,877
55,90,885
55,91,893
55,92,901
55,93,909
55,94,917
55,95,925
55,96,933
55,97,941
55,98,949
55,99,957
55,100,965
56,1,176
56,2,184
56,3,192
56,4,200
56,5,208
56,6,216
56,7,224
56,8,232
56,9,240
56,10,248
56,11,256
56,12,264
56,13,272
56,14,280
56,15,288
56,16,296
56,17,304
56,18,312
56,19,320
56,20,328
56,21,336
56,22,344
56,23,352
56,24,360
56,25,368
56,26,376
56,27,384
56,28,392
56,29,400
56,30,408
56,31,416
56,32,424
56,33,432
56,34,440
56,35,448
56,36,456
56,37,464
56,38,472
56,39,480
56,40,488
56,41,496
56,42,504
56,43,512
56,44,520
56,45,528
56,46,536
56,47,544
56,48,552
56,49,560
56,50,568
56,51,576
56,52,584
56,53,592
56,54,600
56,55,608
56,56,616
56,57,624
56,58,632
56,59,640
56,60,648
56,61,656
56,62,664
56,63,672
56,64,680
56,65,688
56,66,696
56,67,704
56,68,712
56,69,720
56,70,728
56,71,736
56,72,744
56,73,752
56,74,760
56,75,768
56,76,776
56,77,784
56,78,792
56,79,800
56,80,808
56,81,816
56,82,824
56,83,832
56,84,840
56,85,848
56,86,856
56,87,864
56,88,872
56,89,880
56,90,888
56,91,896
56,92,904
56,93,912
56,94,920
56,95,928
56,96,936
56,97,944
56,98,952
56,99,960
56,100,968
57,1,179
57,2,187
57,3,195
57,4,203
57,5,211
57,6,219
57,7,227
57,8,235
57,9,243
57,10,251
57,11,259
57,12,267
57,13,275
57,14,283
57,15,291
57,16,299
57,17,307
57,18,315
57,19,323
57,20,331
57,21,339
57,22,347
57,23,355
57,24,363
57,25,371
57,26,379
57,27,387
57,28,395
57,29,403
57,30,411
57,31,419
57,32,427
57,33,435
57,34,443
57,35,451
57,36,459
57,37,467
57,38,475
57,39,483
57,40,491
57,41,499
57,42,507
57,43,515
57,44,523
57,45,531
57,46,539
57,47,547
57,48,555
57,49,563
57,50,571
57,51,579
57,52,587
57,53,595
57,54,603
57,55,611
57,56,619
57,57,627
57,58,635
57,59,643
57,60,651
57,61,659
57,62,667
57,63,675
57,64,683
57,65,691
57,66,699
57,67,707
57,68,715
57,69,723
57,70,731
57,71,739
57,72,747
57,73,755
57,74,763
57,75,771
57,76,779
57,77,787
57,78,795
57,79,803
57,80,811
57,81,819
57,82,827
57,83,835
57,84,843
57,85,851
57,86,859
57,87,867
57,88,875
57,89,883
57,90,891
57,91,899
57,92,907
57,93,915
57,94,923
57,95,931
57,96,939
57,97,947
57,98,955
57,99,963
57,100,971
58,1,182
58,2,190
58,3,198
58,4,206
58,5,214
58,6,222
58,7,230
58,8,238
58,9,246
58,10,254
58,11,262
58,12,270
58,13,278
58,14,286
58,15,294
58,16,302
58,17,310
58,18,318
58,19,326
58,20,334
58,21,342
58,22,350
58,23,358
58,24,366
58,25,374
58,26,382
58,27,390
58,28,398
58,29,406
58,30,414
58,31,422
58,32,430
58,33,438
58,34,446
58,35,454
58,36,462
58,37,470
58,38,478
58,39,486
58,40,494
58,41,502
58,42,510
58,43,518
58,44,526
58,45,534
58,46,542
58,47,550
58,48,558
58,49,566
58,50,574
58,51,582
58,52,590
58,53,598
58,54,606
58,55,614
58,56,622
58,57,630
58,58,638
58,59,646
58,60,654
58,61,662
58,62,670
58,63,678
58,64,686
58,65,694
58,66,702
58,67,710
58,68,718
58,69,726
58,70,734
58,71,742
58,72,750
58,73,758
58,74,766
58,75,774
58,76,782
58,77,790
58,78,798
58,79,806
58,80,814
58,81,822
58,82,830
58,83,838
58,84,846
58,85,854
58,86,862
58,87,870
58,88,878
58,89,886
58,90,894
58,91,902
58,92,910
58,93,918
58,94,926
58,95,934
58,96,942
58,97,950
58,98,958
58,99,966
58,100,974
59,1,185
59,2,193
59,3,201
59,4,209
59,5,217
59,6,225
59,7,233
59,8,241
59,9,249
59,10,257
59,11,265
59,12,273
59,13,281
59,14,289
59,15,297
59,16,305
59,17,313
59,18,321
59,19,329
59,20,337
59,21,345
59,22,353
59,23,361
59,24,369
59,25,377
59,26,385
59,27,393
59,28,401
59,29,409
59,30,417
59,31,425
59,32,433
59,33,441
59,34,449
59,35,457
59,36,465
59,37,473
59,38,481
59,39,489
59,40,497
59,41,505
59,42,513
59,43,521
59,44,529
59,45,537
59,46,545
59,47,553
59,48,561
59,49,569
59,50,577
59,51,585
59,52,593
59,53,601
59,54,609
59,55,617
59,56,625
59,57,633
59,58,641
59,59,649
59,60,657
59,61,665
59,62,673
59,63,681
59,64,689
59,65,697
59,66,705
59,67,713
59,68,721
59,69,729
59,70,737
59,71,745
59,72,753
59,73,761
59,74,769
59,75,777
59,76,785
59,77,793
59,78,801
59,79,809
59,80,817
59,81,825
59,82,833
59,83,841
59,84,849
59,85,857
59,86,865
59,87,873
59,88,881
59,89,889
59,90,897
59,91,905
59,92,913
59,93,921
59,94,929
59,95,937
59,96,945
59,97,953
59,98,961
59,99,969
59,100,977
60,1,188
60,2,196
60,3,204
60,4,212
60,5,220
60,6,228
60,7,236
60,8,244
60,9,252
60,10,260
60,11,268
60,12,276
60,13,284
60,14,292
60,15,300
60,16,308
60,17,316
60,18,324
60,19,332
60,20,340
60,21,348
60,22,356
60,23,364
60,24,372
60,25,380
60,26,388
60,27,396
60,28,404
60,29,412
60,30,420
60,31,428
60,32,436
60,33,444
60,34,452
60,35,460
60,36,468
60,37,476
60,38,484
60,39,492
60,40,500
60,41,508
60,42,516
60,43,524
60,44,532
60,45,540
60,46,548
60,47,556
60,48,564
60,49,572
60,50,580
60,51,588
60,52,596
60,53,604
60,54,612
60,55,620
60,56,628
60,57,636
60,58,644
60,59,652
60,60,660
60,61,668
60,62,676
60,63,684
60,64,692
60,65,700
60,66,708
60,67,716
60,68,724
60,69,732
60,70,740
60,71,748
60,72,756
60,73,764
60,74,772
60,75,780
60,76,788
60,77,796
60,78,804
60,79,812
60,80,820
60,81,828
60,82,836
60,83,844
60,84,852
60,85,860
60,86,868
60,87,876
60,88,884
60,89,892
60,90,900
60,91,908
60,92,916
60,93,924
60,94,932
60,95,940
60,96,948
60,97,956
60,98,964
60,99,972
60,100,980
61,1,191
61,2,199
61,3,207
61,4,215
61,5,223
61,6,231
61,7,239
61,8,247
61,9,255
61,10,263
61,11,271
61,12,279
61,13,287
61,14,295
61,15,303
61,16,311
61,17,319
61,18,327
61,19,335
61,20,343
61,21,351
61,22,359
61,23,367
61,24,375
61,25,383
61,26,391
61,27,399
61,28,407
61,29,415
61,30,423
61,31,431
61,32,439
61,33,447
61,34,455
61,35,463
61,36,471
61,37,479
61,38,487
61,39,495
61,40,503
61,41,511
61,42,519
61,43,527
61,44,535
61,45,543
61,46,551
61,47,559
61,48,567
61,49,575
61,50,583
61,51,591
61,52,599
61,53,607
61,54,615
61,55,623
61,56,631
61,57,639
61,58,647
61,59,655
61,60,663
61,61,671
61,62,679
61,63,687
61,64,695
61,65,703
61,66,711
61,67,719
61,68,727
61,69,735
61,70,743
61,71,751
61,72,759
61,73,767
61,74,775
61,75,783
61,76,791
61,77,799
61,78,807
61,79,815
61,80,823
61,81,831
61,82,839
61,83,847
61,84,855
61,85,863
61,86,871
61,87,879
61,88,887
61,89,895
61,90,903
61,91,911
61,92,919
61,93,927
61,94,935
61,95,943
61,96,951
61,97,959
61,98,967
61,99,975
61,100,983
62,1,194
62,2,202
62,3,210
62,4,218
62,5,226
62,6,234
62,7,242
62,8,250
62,9,258
62,10,266
62,11,274
62,12,282
62,13,290
62,14,298
62,15,306
62,16,314
62,17,322
62,18,330
62,19,338
62,20,346
62,21,354
62,22,362
62,23,370
62,24,378
62,25,386
62,26,394
62,27,402
62,28,410
62,29,418
62,30,426
62,31,434
62,32,442
62,33,450
62,34,458
62,35,466
62,36,474
62,37,482
62,38,490
62,39,498
62,40,506
62,41,514
62,42,522
62,43,530
62,44,538
62,45,546
62,46,554
62,47,562
62,48,570
62,49,578
62,50,586
62,51,594
62,52,602
62,53,610
62,54,618
62,55,626
62,56,634
62,57,642
62,58,650
62,59,658
62,60,666
62,61,674
62,62,682
62,63,690
62,64,698
62,65,706
62,66,714
62,67,722
62,68,730
62,69,738
62,70,746
62,71,754
62,72,762
62,73,770
62,74,778
62,75,786
62,76,794
62,77,802
62,78,810
62,79,818
62,80,826
62,81,834
62,82,842
62,83,850
62,84,858
62,85,866
62,86,874
62,87,882
62,88,890
62,89,898
62,90,906
62,91,914
62,92,922
62,93,930
62,94,938
62,95,946
62,96,954
62,97,962
62,98,970
62,99,978
62,100,986
63,1,197
63,2,205
63,3,213
63,4,221
63,5,229
63,6,237
63,7,245
63,8,253
63,9,261
63,10,269
63,11,277
63,12,285
63,13,293
63,14,301
63,15,309
63,16,317
63,17,325
63,18,333
63,19,341
63,20,349
63,21,357
63,22,365
63,23,373
63,24,381
63,25,389
63,26,397
63,27,405
63,28,413
63,29,421
63,30,429
63,31,437
63,32,445
63,33,453
63,34,461
63,35,469
63,36,477
63,37,485
63,38,493
63,39,501
63,40,509
63,41,517
63,42,525
63,43,533
63,44,541
63,45,549
63,46,557
63,47,565
63,48,573
63,49,581
63,50,589
63,51,597
63,52,605
63,53,613
63,54,621
63,55,629
63,56,637
63,57,645
63,58,653
63,59,661
63,60,669
63,61,677
63,62,685
63,63,693
63,64,701
63,65,709
63,66,717
63,67,725
63,68,733
63,69,741
63,70,749
63,71,757
63,72,765
63,73,773
63,74,781
63,75,789
63,76,797
63,77,805
63,78,813
63,79,821
63,80,829
63,81,837
63,82,845
63,83,853
63,84,861
63,85,869
63,86,877
63,87,885
63,88,893
63,89,901
63,90,909
63,91,917
63,92,925
63,93,933
63,94,941
63,95,949
63,96,957
63,97,965
63,98,973
63,99,981
63,100,989
64,1,200
64,2,208
64,3,216
64,4,224
64,5,232
64,6,240
64,7,248
64,8,256
64,9,264
64,10,272
64,11,280
64,12,288
64,13,296
64,14,304
64,15,312
64,16,320
64,17,328
64,18,336
64,19,344
64,20,352
64,21,360
64,22,368
64,23,376
64,24,384
64,25,392
64,26,400
64,27,408
64,28,416
64,29,424
64,30,432
64,31,440
64,32,448
64,33,456
64,34,464
64,35,472
64,36,480
64,37,488
64,38,496
64,39,504
64,40,512
64,41,520
64,42,528
64,43,536
64,44,544
64,45,552
64,46,560
64,47,568
64,48,576
64,49,584
64,50,592
64,51,600
64,52,608
64,53,616
64,54,624
64,55,632
64,56,640
64,57,648
64,58,656
64,59,664
64,60,672
64,61,680
64,62,688
64,63,696
64,64,704
64,65,712
64,66,720
64,67,728
64,68,736
64,69,744
64,70,752
64,71,760
64,72,768
64,73,776
64,74,784
64,75,792
64,76,800
64,77,808
64,78,816
64,79,824
64,80,832
64,81,840
64,82,848
64,83,856
64,84,864
64,85,872
64,86,880
64,87,888
64,88,896
64,89,904
64,90,912
64,91,920
64,92,928
64,93,936
64,94,944
64,95,952
64,96,960
64,97,968
64,98,976
64,99,984
64,100,992
65,1,203
65,2,211
65,3,219
65,4,227
65,5,235
65,6,243
65,7,251
65,8,259
65,9,267
65,10,275
65,11,283
65,12,291
65,13,299
65,14,307
65,15,315
65,16,323
65,17,331
65,18,339
65,19,347
65,20,355
65,21,363
65,22,371
65,23,379
65,24,387
65,25,395
65,26,403
65,27,411
65,28,419
65,29,427
65,30,435
65,31,443
65,32,451
65,33,459
65,34,467
65,35,475
65,36,483
65,37,491
65,38,499
65,39,507
65,40,515
65,41,523
65,42,531
65,43,539
65,44,547
65,45,555
65,46,563
65,47,571
65,48,579
65,49,587
65,50,595
65,51,603
65,52,611
65,53,619
65,54,627
65,55,635
65,56,643
65,57,651
65,58,659
65,59,667
65,60,675
65,61,683
65,62,691
65,63,699
65,64,707
65,65,715
65,66,723
65,67,731
65,68,739
65,69,747
65,70,755
65,71,763
65,72,771
65,73,779
65,74,787
65,75,795
65,76,803
65,77,811
65,78,819
65,79,827
65,80,835
65,81,843
65,82,851
65,83,859
65,84,867
65,85,875
65,86,883
65,87,891
65,88,899
65,89,907
65,90,915
65,91,923
65,92,931
65,93,939
65,94,947
65,95,955
65,96,963
65,97,971
65,98,979
65,99,987
65,100,995
66,1,206
66,2,214
66,3,222
66,4,230
66,5,238
66,6,246
66,7,254
66,8,262
66,9,270
66,10,278
66,11,286
66,12,294
66,13,302
66,14,310
66,15,318
66,16,326
66,17,334
66,18,342
66,19,350
66,20,358
66,21,366
66,22,374
66,23,382
66,24,390
66,25,398
66,26,406
66,27,414
66,28,422
66,29,430
66,30,438
66,31,446
66,32,454
66,33,462
66,34,470
66,35,478
66,36,486
66,37,494
66,38,502
66,39,510
66,40,518
66,41,526
66,42,534
66,43,542
66,44,550
66,45,558
66,46,566
66,47,574
66,48,582
66,49,590
66,50,598
66,51,606
66,52,614
66,53,622
66,54,630
66,55,638
66,56,646
66,57,654
66,58,662
66,59,670
66,60,678
66,61,686
66,62,694
66,63,702
66,64,710
66,65,718
66,66,726
66,67,734
66,68,742
66,69,750
66,70,758
66,71,766
66,72,774
66,73,782
66,74,790
66,75,798
66,76,806
66,77,814
66,78,822
66,79,830
66,80,838
66,81,846
66,82,854
66,83,862
66,84,870
66,85,878
66,86,886
66,87,894
66,88,902
66,89,910
66,90,918
66,91,926
66,92,934
66,93,942
66,94,950
66,95,958
66,96,966
66,97,974
66,98,982
66,99,990
66,100,998
67,1,209
67,2,217
67,3,225
67,4,233
67,5,241
67,6,249
67,7,257
67,8,265
67,9,273
67,10,281
67,11,289
67,12,297
67,13,305
67,14,313
67,15,321
67,16,329
67,17,337
67,18,345
67,19,353
67,20,361
67,21,369
67,22,377
67,23,385
67,24,393
67,25,401
67,26,409
67,27,417
67,28,425
67,29,433
67,30,441
67,31,449
67,32,457
67,33,465
67,34,473
67,35,481
67,36,489
67,37,497
67,38,505
67,39,513
67,40,521
67,41,529
67,42,537
67,43,545
67,44,553
67,45,561
67,46,569
67,47,577
67,48,585
67,49,593
67,50,601
67,51,609
67,52,617
67,53,625
67,54,633
67,55,641
67,56,649
67,57,657
67,58,665
67,59,673
67,60,681
67,61,689
67,62,697
67,63,705
67,64,713
67,65,721
67,66,729
67,67,737
67,68,745
67,69,753
67,70,761
67,71,769
67,72,777
67,73,785
67,74,793
67,75,801
67,76,809
67,77,817
67,78,825
67,79,833
67,80,841
67,81,849
67,82,857
67,83,865
67,84,873
67,85,881
67,86,889
67,87,897
67,88,905
67,89,913
67,90,921
67,91,929
67,92,937
67,93,945
67,94,953
67,95,961
67,96,969
67,97,977
67,98,985
67,99,993
67,100,1001
68,1,212
68,2,220
68,3,228
68,4,236
68,5,244
68,6,252
68,7,260
68,8,268
68,9,276
68,10,284
68,11,292
68,12,300
68,13,308
68,14,316
68,15,324
68,16,332
68,17,340
68,18,348
68,19,356
68,20,364
68,21,372
68,22,380
68,23,388
68,24,396
68,25,404
68,26,412
68,27,420
68,28,428
68,29,436
68,30,444
68,31,452
68,32,460
68,33,468
68,34,476
68,35,484
68,36,492
68,37,500
68,38,508
68,39,516
68,40,524
68,41,532
68,42,540
68,43,548
68,44,556
68,45,564
68,46,572
68,47,580
68,48,588
68,49,596
68,50,604
68,51,612
68,52,620
68,53,628
68,54,636
68,55,644
68,56,652
68,57,660
68,58,668
68,59,676
68,60,684
68,61,692
68,62,700
68,63,708
68,64,716
68,65,724
68,66,732
68,67,740
68,68,748
68,69,756
68,70,764
68,71,772
68,72,780
68,73,788
68,74,796
68,75,804
68,76,812
68,77,820
68,78,828
68,79,836
68,80,844
68,81,852
68,82,860
68,83,868
68,84,876
68,85,884
68,86,892
68,87,900
68,88,908
68,89,916
68,90,924
68,91,932
68,92,940
68,93,948
68,94,956
68,95,964
68,96,972
68,97,980
68,98,988
68,99,996
68,100,1004
69,1,215
69,2,223
69,3,231
69,4,239
69,5,247
69,6,255
69,7,263
69,8,271
69,9,279
69,10,287
69,11,295
69,12,303
69,13,311
69,14,319
69,15,327
69,16,335
69,17,343
69,18,351
69,19,359
69,20,367
69,21,375
69,22,383
69,23,391
69,24,399
69,25,407
69,26,415
69,27,423
69,28,431
69,29,439
69,30,447
69,31,455
69,32,463
69,33,471
69,34,479
69,35,487
69,36,495
69,37,503
69,38,511
69,39,519
69,40,527
69,41,535
69,42,543
69,43,551
69,44,559
69,45,567
69,46,575
69,47,583
69,48,591
69,49,599
69,50,607
69,51,615
69,52,623
69,53,631
69,54,639
69,55,647
69,56,655
69,57,663
69,58,671
69,59,679
69,60,687
69,61,695
69,62,703
69,63,711
69,64,719
69,65,727
69,66,735
69,67,743
69,68,751
69,69,759
69,70,767
69,71,775
69,72,783
69,73,791
69,74,799
69,75,807
69,76,815
69,77,823
69,78,831
69,79,839
69,80,847
69,81,855
69,82,863
69,83,871
69,84,879
69,85,887
69,86,895
69,87,903
69,88,911
69,89,919
69,90,927
69,91,935
69,92,943
69,93,951
69,94,959
69,95,967
69,96,975
69,97,983
69,98,991
69,99,999
69,100,1007
70,1,218
70,2,226
70,3,234
70,4,242
70,5,250
70,6,258
70,7,266
70,8,274
70,9,282
70,10,290
70,11,298
70,12,306
70,13,314
70,14,322
70,15,330
70,16,338
70,17,346
70,18,354
70,19,362
70,20,370
70,21,378
70,22,386
70,23,394
70,24,402
70,25,410
70,26,418
70,27,426
70,28,434
70,29,442
70,30,450
70,31,458
70,32,466
70,33,474
70,34,482
70,35,490
70,36,498
70,37,506
70,38,514
70,39,522
70,40,530
70,41,538
70,42,546
70,43,554
70,44,562
70,45,570
70,46,578
70,47,586
70,48,594
70,49,602
70,50,610
70,51,618
70,52,626
70,53,634
70,54,642
70,55,650
70,56,658
70,57,666
70,58,674
70,59,682
70,60,690
70,61,698
70,62,706
70,63,714
70,64,722
70,65,730
70,66,738
70,67,746
70,68,754
70,69,762
70,70,770
70,71,778
70,72,786
70,73,794
70,74,802
70,75,810
70,76,818
70,77,826
70,78,834
70,79,842
70,80,850
70,81,858
70,82,866
70,83,874
70,84,882
70,85,890
70,86,898
70,87,906
70,88,914
70,89,922
70,90,930
70,91,938
70,92,946
70,93,954
70,94,962
70,95,970
70,96,978
70,97,986
70,98,994
70,99,1002
70,100,1010
71,1,221
71,2,229
71,3,237
71,4,245
71,5,253
71,6,261
71,7,269
71,8,277
71,9,285
71,10,293
71,11,301
71,12,309
71,13,317
71,14,325
71,15,333
71,16,341
71,17,349
71,18,357
71,19,365
71,20,373
71,21,381
71,22,389
71,23,397
71,24,405
71,25,413
71,26,421
71,27,429
71,28,437
71,29,445
71,30,453
71,31,461
71,32,469
71,33,477
71,34,485
71,35,493
71,36,501
71,37,509
71,38,517
71,39,525
71,40,533
71,41,541
71,42,549
71,43,557
71,44,565
71,45,573
71,46,581
71,47,589
71,48,597
71,49,605
71,50,613
71,51,621
71,52,629
71,53,637
71,54,645
71,55,653
71,56,661
71,57,669
71,58,677
71,59,685
71,60,693
71,61,701
71,62,709
71,63,717
71,64,725
71,65,733
71,66,741
71,67,749
71,68,757
71,69,765
71,70,773
71,71,781
71,72,789
71,73,797
71,74,805
71,75,813
71,76,821
71,77,829
71,78,837
71,79,845
71,80,853
71,81,861
71,82,869
71,83,877
71,84,885
71,85,893
71,86,901
71,87,909
71,88,917
71,89,925
71,90,933
71,91,941
71,92,949
71,93,957
71,94,965
71,95,973
71,96,981
71,97,989
71,98,997
71,99,1005
71,100,1013
72,1,224
72,2,232
72,3,240
72,4,248
72,5,256
72,6,264
72,7,272
72,8,280
72,9,288
72,10,296
72,11,304
72,12,312
72,13,320
72,14,328
72,15,336
72,16,344
72,17,352
72,18,360
72,19,368
72,20,376
72,21,384
72,22,392
72,23,400
72,24,408
72,25,416
72,26,424
72,27,432
72,28,440
72,29,448
72,30,456
72,31,464
72,32,472
72,33,480
72,34,488
72,35,496
72,36,504
72,37,512
72,38,520
72,39,528
72,40,536
72,41,544
72,42,552
72,43,560
72,44,568
72,45,576
72,46,584
72,47,592
72,48,600
72,49,608
72,50,616
72,51,624
72,52,632
72,53,640
72,54,648
72,55,656
72,56,664
72,57,672
72,58,680
72,59,688
72,60,696
72,61,704
72,62,712
72,63,720
72,64,728
72,65,736
72,66,744
72,67,752
72,68,760
72,69,768
72,70,776
72,71,784
72,72,792
72,73,800
72,74,808
72,75,816
72,76,824
72,77,832
72,78,840
72,79,848
72,80,856
72,81,864
72,82,872
72,83,880
72,84,888
72,85,896
72,86,904
72,87,912
72,88,920
72,89,928
72,90,936
72,91,944
72,92,952
72,93,960
72,94,968
72,95,976
72,96,984
72,97,992
72,98,1000
72,99,1008
72,100,1016
73,1,227
73,2,235
73,3,243
73,4,251
73,5,259
73,6,267
73,7,275
73,8,283
73,9,291
73,10,299
73,11,307
73,12,315
73,13,323
73,14,331
73,15,339
73,16,347
73,17,355
73,18,363
73,19,371
73,20,379
73,21,387
73,22,395
73,23,403
73,24,411
73,25,419
73,26,427
73,27,435
73,28,443
73,29,451
73,30,459
73,31,467
73,32,475
73,33,483
73,34,491
73,35,499
73,36,507
73,37,515
73,38,523
73,39,531
73,40,539
73,41,547
73,42,555
73,43,563
73,44,571
73,45,579
73,46,587
73,47,595
73,48,603
73,49,611
73,50,619
73,51,627
73,52,635
73,53,643
73,54,651
73,55,659
73,56,667
73,57,675
73,58,683
73,59,691
73,60,699
73,61,707
73,62,715
73,63,723
73,64,731
73,65,739
73,66,747
73,67,755
73,68,763
73,69,771
73,70,779
73,71,787
73,72,795
73,73,803
73,74,811
73,75,819
73,76,827
73,77,835
73,78,843
73,79,851
73,80,859
73,81,867
73,82,875
73,83,883
73,84,891
73,85,899
73,86,907
73,87,915
73,88,923
73,89,931
73,90,939
73,91,947
73,92,955
73,93,963
73,94,971
73,95,979
73,96,987
73,97,995
73,98,1003
73,99,1011
73,100,1019
74,1,230
74,2,238
74,3,246
74,4,254
74,5,262
74,6,270
74,7,278
74,8,286
74,9,294
74,10,302
74,11,310
74,12,318
74,13,326
74,14,334
74,15,342
74,16,350
74,17,358
74,18,366
74,19,374
74,20,382
74,21,390
74,22,398
74,23,406
74,24,414
74,25,422
74,26,430
74,27,438
74,28,446
74,29,454
74,30,462
74,31,470
74,32,478
74,33,486
74,34,494
74,35,502
74,36,510
74,37,518
74,38,526
74,39,534
74,40,542
74,41,550
74,42,558
74,43,566
74,44,574
74,45,582
74,46,590
74,47,598
74,48,606
74,49,614
74,50,622
74,51,630
74,52,638
74,53,646
74,54,654
74,55,662
74,56,670
74,57,678
74,58,686
74,59,694
74,60,702
74,61,710
74,62,718
74,63,726
74,64,734
74,65,742
74,66,750
74,67,758
74,68,766
74,69,774
74,70,782
74,71,790
74,72,798
74,73,806
74,74,814
74,75,822
74,76,830
74,77,838
74,78,846
74,79,854
74,80,862
74,81,870
74,82,878
74,83,886
74,84,894
74,85,902
74,86,910
74,87,918
74,88,926
74,89,934
74,90,942
74,91,950
74,92,958
74,93,966
74,94,974
74,95,982
74,96,990
74,97,998
74,98,1006
74,99,1014
74,100,1022
75,1,233
75,2,241
75,3,249
75,4,257
75,5,265
75,6,273
75,7,281
75,8,289
75,9,297
75,10,305
75,11,313
75,12,321
75,13,329
75,14,337
75,15,345
75,16,353
75,17,361
75,18,369
75,19,377
75,20,385
75,21,393
75,22,401
75,23,409
75,24,417
75,25,425
75,26,433
75,27,441
75,28,449
75,29,457
75,30,465
75,31,473
75,32,481
75,33,489
75,34,497
75,35,505
75,36,513
75,37,521
75,38,529
75,39,537
75,40,545
75,41,553
75,42,561
75,43,569
75,44,577
75,45,585
75,46,593
75,47,601
75,48,609
75,49,617
75,50,625
75,51,633
75,52,641
75,53,649
75,54,657
75,55,665
75,56,673
75,57,681
75,58,689
75,59,697
75,60,705
75,61,713
75,62,721
75,63,729
75,64,737
75,65,745
75,66,753
75,67,761
75,68,769
75,69,777
75,70,785
75,71,793
75,72,801
75,73,809
75,74,817
75,75,825
75,76,833
75,77,841
75,78,849
75,79,857
75,80,865
75,81,873
75,82,881
75,83,889
75,84,897
75,85,905
75,86,913
75,87,921
75,88,929
75,89,937
75,90,945
75,91,953
75,92,961
75,93,969
75,94,977
75,95,985
75,96,993
75,97,1001
75,98,1009
75,99,1017
75,100,1025
76,1,236
76,2,244
76,3,252
76,4,260
76,5,268
76,6,276
76,7,284
76,8,292
76,9,300
76,10,308
76,11,316
76,12,324
76,13,332
76,14,340
76,15,348
76,16,356
76,17,364
76,18,372
76,19,380
76,20,388
76,21,396
76,22,404
76,23,412
76,24,420
76,25,428
76,26,436
76,27,444
76,28,452
76,29,460
76,30,468
76,31,476
76,32,484
76,33,492
76,34,500
76,35,508
76,36,516
76,37,524
76,38,532
76,39,540
76,40,548
76,41,556
76,42,564
76,43,572
76,44,580
76,45,588
76,46,596
76,47,604
76,48,612
76,49,620
76,50,628
76,51,636
76,52,644
76,53,652
76,54,660
76,55,668
76,56,676
76,57,684
76,58,692
76,59,700
76,60,708
76,61,716
76,62,724
76,63,732
76,64,740
76,65,748
76,66,756
76,67,764
76,68,772
76,69,780
76,70,788
76,71,796
76,72,804
76,73,812
76,74,820
76,75,828
76,76,836
76,77,844
76,78,852
76,79,860
76,80,868
76,81,876
76,82,884
76,83,892
76,84,900
76,85,908
76,86,916
76,87,924
76,88,932
76,89,940
76,90,948
76,91,956
76,92,964
76,93,972
76,94,980
76,95,988
76,96,996
76,97,1004
76,98,1012
76,99,1020
76,100,1028
77,1,239
77,2,247
77,3,255
77,4,263
77,5,271
77,6,279
77,7,287
77,8,295
77,9,303
77,10,311
77,11,319
77,12,327
77,13,335
77,14,343
77,15,351
77,16,359
77,17,367
77,18,375
77,19,383
77,20,391
77,21,399
77,22,407
77,23,415
77,24,423
77,25,431
77,26,439
77,27,447
77,28,455
77,29,463
77,30,471
77,31,479
77,32,487
77,33,495
77,34,503
77,35,511
77,36,519
77,37,527
77,38,535
77,39,543
77,40,551
77,41,559
77,42,567
77,43,575
77,44,583
77,45,591
77,46,599
77,47,607
77,48,615
77,49,623
77,50,631
77,51,639
77,52,647
77,53,655
77,54,663
77,55,671
77,56,679
77,57,687
77,58,695
77,59,703
77,60,711
77,61,719
77,62,727
77,63,735
77,64,743
77,65,751
77,66,759
77,67,767
77,68,775
77,69,783
77,70,791
77,71,799
77,72,807
77,73,815
77,74,823
77,75,831
77,76,839
77,77,847
77,78,855
77,79,863
77,80,871
77,81,879
77,82,887
77,83,895
77,84,903
77,85,911
77,86,919
77,87,927
77,88,935
77,89,943
77,90,951
77,91,959
77,92,967
77,93,975
77,94,983
77,95,991
77,96,999
77,97,1007
77,98,1015
77,99,1023
77,100,1031
78,1,242
78,2,250
78,3,258
78,4,266
78,5,274
78,6,282
78,7,290
78,8,298
78,9,306
78,10,314
78,11,322
78,12,330
78,13,338
78,14,346
78,15,354
78,16,362
78,17,370
78,18,378
78,19,386
78,20,394
78,21,402
78,22,410
78,23,418
78,24,426
78,25,434
78,26,442
78,27,450
78,28,458
78,29,466
78,30,474
78,31,482
78,32,490
78,33,498
78,34,506
78,35,514
78,36,522
78,37,530
78,38,538
78,39,546
78,40,554
78,41,562
78,42,570
78,43,578
78,44,586
78,45,594
78,46,602
78,47,610
78,48,618
78,49,626
78,50,634
78,51,642
78,52,650
78,53,658
78,54,666
78,55,674
78,56,682
78,57,690
78,58,698
78,59,706
78,60,714
78,61,722
78,62,730
78,63,738
78,64,746
78,65,754
78,66,762
78,67,770
78,68,778
78,69,786
78,70,794
78,71,802
78,72,810
78,73,818
78,74,826
78,75,834
78,76,842
78,77,850
78,78,858
78,79,866
78,80,874
78,81,882
78,82,890
78,83,898
78,84,906
78,85,914
78,86,922
78,87,930
78,88,938
78,89,946
78,90,954
78,91,962
78,92,970
78,93,978
78,94,986
78,95,994
78,96,1002
78,97,1010
78,98,1018
78,99,1026
78,100,1034
79,1,245
79,2,253
79,3,261
79,4,269
79,5,277
79,6,285
79,7,293
79,8,301
79,9,309
79,10,317
79,11,325
79,12,333
79,13,341
79,14,349
79,15,357
79,16,365
79,17,373
79,18,381
79,19,389
79,20,397
79,21,405
79,22,413
79,23,421
79,24,429
79,25,437
79,26,445
79,27,453
79,28,461
79,29,469
79,30,477
79,31,485
79,32,493
79,33,501
79,34,509
79,35,517
79,36,525
79,37,533
79,38,541
79,39,549
79,40,557
79,41,565
79,42,573
79,43,581
79,44,589
79,45,597
79,46,605
79,47,613
79,48,621
79,49,629
79,50,637
79,51,645
79,52,653
79,53,661
79,54,669
79,55,677
79,56,685
79,57,693
79,58,701
79,59,709
79,60,717
79,61,725
79,62,733
79,63,741
79,64,749
79,65,757
79,66,765
79,67,773
79,68,781
79,69,789
79,70,797
79,71,805
79,72,813
79,73,821
79,74,829
79,75,837
79,76,845
79,77,853
79,78,861
79,79,869
79,80,877
79,81,885
79,82,893
79,83,901
79,84,909
79,85,917
79,86,925
79,87,933
79,88,941
79,89,949
79,90,957
79,91,965
79,92,973
79,93,981
79,94,989
79,95,997
79,96,1005
79,97,1013
79,98,1021
79,99,1029
79,100,1037
80,1,248
80,2,256
80,3,264
80,4,272
80,5,280
80,6,288
80,7,296
80,8,304
80,9,312
80,10,320
80,11,328
80,12,336
80,13,344
80,14,352
80,15,360
80,16,368
80,17,376
80,18,384
80,19,392
80,20,400
80,21,408
80,22,416
80,23,424
80,24,432
80,25,440
80,26,448
80,27,456
80,28,464
80,29,472
80,30,480
80,31,488
80,32,496
80,33,504
80,34,512
80,35,520
80,36,528
80,37,536
80,38,544
80,39,552
80,40,560
80,41,568
80,42,576
80,43,584
80,44,592
80,45,600
80,46,608
80,47,616
80,48,624
80,49,632
80,50,640
80,51,648
80,52,656
80,53,664
80,54,672
80,55,680
80,56,688
80,57,696
80,58,704
80,59,712
80,60,720
80,61,728
80,62,736
80,63,744
80,64,752
80,65,760
80,66,768
80,67,776
80,68,784
80,69,792
80,70,800
80,71,808
80,72,816
80,73,824
80,74,832
80,75,840
80,76,848
80,77,856
80,78,864
80,79,872
80,80,880
80,81,888
80,82,896
80,83,904
80,84,912
80,85,920
80,86,928
80,87,936
80,88,944
80,89,952
80,90,960
80,91,968
80,92,976
80,93,984
80,94,992
80,95,1000
80,96,1008
80,97,1016
80,98,1024
80,99,1032
80,100,1040
81,1,251
81,2,259
81,3,267
81,4,275
81,5,283
81,6,291
81,7,299
81,8,307
81,9,315
81,10,323
81,11,331
81,12,339
81,13,347
81,14,355
81,15,363
81,16,371
81,17,379
81,18,387
81,19,395
81,20,403
81,21,411
81,22,419
81,23,427
81,24,435
81,25,443
81,26,451
81,27,459
81,28,467
81,29,475
81,30,483
81,31,491
81,32,499
81,33,507
81,34,515
81,35,523
81,36,531
81,37,539
81,38,547
81,39,555
81,40,563
81,41,571
81,42,579
81,43,587
81,44,595
81,45,603
81,46,611
81,47,619
81,48,627
81,49,635
81,50,643
81,51,651
81,52,659
81,53,667
81,54,675
81,55,683
81,56,691
81,57,699
81,58,707
81,59,715
81,60,723
81,61,731
81,62,739
81,63,747
81,64,755
81,65,763
81,66,771
81,67,779
81,68,787
81,69,795
81,70,803
81,71,811
81,72,819
81,73,827
81,74,835
81,75,843
81,76,851
81,77,859
81,78,867
81,79,875
81,80,883
81,81,891
81,82,899
81,83,907
81,84,915
81,85,923
81,86,931
81,87,939
81,88,947
81,89,955
81,90,963
81,91,971
81,92,979
81,93,987
81,94,995
81,95,1003
81,96,1011
81,97,1019
81,98,1027
81,99,1035
81,100,1043
82,1,254
82,2,262
82,3,270
82,4,278
82,5,286
82,6,294
82,7,302
82,8,310
82,9,318
82,10,326
82,11,334
82,12,342
82,13,350
82,14,358
82,15,366
82,16,374
82,17,382
82,18,390
82,19,398
82,20,406
82,21,414
82,22,422
82,23,430
82,24,438
82,25,446
82,26,454
82,27,462
82,28,470
82,29,478
82,30,486
82,31,494
82,32,502
82,33,510
82,34,518
82,35,526
82,36,534
82,37,542
82,38,550
82,39,558
82,40,566
82,41,574
82,42,582
82,43,590
82,44,598
82,45,606
82,46,614
82,47,622
82,48,630
82,49,638
82,50,646
82,51,654
82,52,662
82,53,670
82,54,678
82,55,686
82,56,694
82,57,702
82,58,710
82,59,718
82,60,726
82,61,734
82,62,742
82,63,750
82,64,758
82,65,766
82,66,774
82,67,782
82,68,790
82,69,798
82,70,806
82,71,814
82,72,822
82,73,830
82,74,838
82,75,846
82,76,854
82,77,862
82,78,870
82,79,878
82,80,886
82,81,894
82,82,902
82,83,910
82,84,918
82,85,926
82,86,934
82,87,942
82,88,950
82,89,958
82,90,966
82,91,974
82,92,982
82,93,990
82,94,998
82,95,1006
82,96,1014
82,97,1022
82,98,1030
82,99,1038
82,100,1046
83,1,257
83,2,265
83,3,273
83,4,281
83,5,289
83,6,297
83,7,305
83,8,313
83,9,321
83,10,329
83,11,337
83,12,345
83,13,353
83,14,361
83,15,369
83,16,377
83,17,385
83,18,393
83,19,401
83,20,409
83,21,417
83,22,425
83,23,433
83,24,441
83,25,449
83,26,457
83,27,465
83,28,473
83,29,481
83,30,489
83,31,497
83,32,505
83,33,513
83,34,521
83,35,529
83,36,537
83,37,545
83,38,553
83,39,561
83,40,569
83,41,577
83,42,585
83,43,593
83,44,601
83,45,609
83,46,617
83,47,625
83,48,633
83,49,641
83,50,649
83,51,657
83,52,665
83,53,673
83,54,681
83,55,689
83,56,697
83,57,705
83,58,713
83,59,721
83,60,729
83,61,737
83,62,745
83,63,753
83,64,761
83,65,769
83,66,777
83,67,785
83,68,793
83,69,801
83,70,809
83,71,817
83,72,825
83,73,833
83,74,841
83,75,849
83,76,857
83,77,865
83,78,873
83,79,881
83,80,889
83,81,897
83,82,905
83,83,913
83,84,921
83,85,929
83,86,937
83,87,945
83,88,953
83,89,961
83,90,969
83,91,977
83,92,985
83,93,993
83,94,1001
83,95,1009
83,96,1017
83,97,1025
83,98,1033
83,99,1041
83,100,1049
84,1,260
84,2,268
84,3,276
84,4,284
84,5,292
84,6,300
84,7,308
84,8,316
84,9,324
84,10,332
84,11,340
84,12,348
84,13,356
84,14,364
84,15,372
84,16,380
84,17,388
84,18,396
84,19,404
84,20,412
84,21,420
84,22,428
84,23,436
84,24,444
84,25,452
84,26,460
84,27,468
84,28,476
84,29,484
84,30,492
84,31,500
84,32,508
84,33,516
84,34,524
84,35,532
84,36,540
84,37,548
84,38,556
84,39,564
84,40,572
84,41,580
84,42,588
84,43,596
84,44,604
84,45,612
84,46,620
84,47,628
84,48,636
84,49,644
84,50,652
84,51,660
84,52,668
84,53,676
84,54,684
84,55,692
84,56,700
84,57,708
84,58,716
84,59,724
84,60,732
84,61,740
84,62,748
84,63,756
84,64,764
84,65,772
84,66,780
84,67,788
84,68,796
84,69,804
84,70,812
84,71,820
84,72,828
84,73,836
84,74,844
84,75,852
84,76,860
84,77,868
84,78,876
84,79,884
84,80,892
84,81,900
84,82,908
84,83,916
84,84,924
84,85,932
84,86,940
84,87,948
84,88,956
84,89,964
84,90,972
84,91,980
84,92,988
84,93,996
84,94,1004
84,95,1012
84,96,1020
84,97,1028
84,98,1036
84,99,1044
84,100,1052
85,1,263
85,2,271
85,3,279
85,4,287
85,5,295
85,6,303
85,7,311
85,8,319
85,9,327
85,10,335
85,11,343
85,12,351
85,13,359
85,14,367
85,15,375
85,16,383
85,17,391
85,18,399
85,19,407
85,20,415
85,21,423
85,22,431
85,23,439
85,24,447
85,25,455
85,26,463
85,27,471
85,28,479
85,29,487
85,30,495
85,31,503
85,32,511
85,33,519
85,34,527
85,35,535
85,36,543
85,37,551
85,38,559
85,39,567
85,40,575
85,41,583
85,42,591
85,43,599
85,44,607
85,45,615
85,46,623
85,47,631
85,48,639
85,49,647
85,50,655
85,51,663
85,52,671
85,53,679
85,54,687
85,55,695
85,56,703
85,57,711
85,58,719
85,59,727
85,60,735
85,61,743
85,62,751
85,63,759
85,64,767
85,65,775
85,66,783
85,67,791
85,68,799
85,69,807
85,70,815
85,71,823
85,72,831
85,73,839
85,74,847
85,75,855
85,76,863
85,77,871
85,78,879
85,79,887
85,80,895
85,81,903
85,82,911
85,83,919
85,84,927
85,85,935
85,86,943
85,87,951
85,88,959
85,89,967
85,90,975
85,91,983
85,92,991
85,93,999
85,94,1007
85,95,1015
85,96,1023
85,97,1031
85,98,1039
85,99,1047
85,100,1055
86,1,266
86,2,274
86,3,282
86,4,290
86,5,298
86,6,306
86,7,314
86,8,322
86,9,330
86,10,338
86,11,346
86,12,354
86,13,362
86,14,370
86,15,378
86,16,386
86,17,394
86,18,402
86,19,410
86,20,418
86,21,426
86,22,434
86,23,442
86,24,450
86,25,458
86,26,466
86,27,474
86,28,482
86,29,490
86,30,498
86,31,506
86,32,514
86,33,522
86,34,530
86,35,538
86,36,546
86,37,554
86,38,562
86,39,570
86,40,578
86,41,586
86,42,594
86,43,602
86,44,610
86,45,618
86,46,626
86,47,634
86,48,642
86,49,650
86,50,658
86,51,666
86,52,674
86,53,682
86,54,690
86,55,698
86,56,706
86,57,714
86,58,722
86,59,730
86,60,738
86,61,746
86,62,754
86,63,762
86,64,770
86,65,778
86,66,786
86,67,794
86,68,802
86,69,810
86,70,818
86,71,826
86,72,834
86,73,842
86,74,850
86,75,858
86,76,866
86,77,874
86,78,882
86,79,890
86,80,898
86,81,906
86,82,914
86,83,922
86,84,930
86,85,938
86,86,946
86,87,954
86,88,962
86,89,970
86,90,978
86,91,986
86,92,994
86,93,1002
86,94,1010
86,95,1018
86,96,1026
86,97,1034
86,98,1042
86,99,1050
86,100,1058
87,1,269
87,2,277
87,3,285
87,4,293
87,5,301
87,6,309
87,7,317
87,8,325
87,9,333
87,10,341
87,11,349
87,12,357
87,13,365
87,14,373
87,15,381
87,16,389
87,17,397
87,18,405
87,19,413
87,20,421
87,21,429
87,22,437
87,23,445
87,24,453
87,25,461
87,26,469
87,27,477
87,28,485
87,29,493
87,30,501
87,31,509
87,32,517
87,33,525
87,34,533
87,35,541
87,36,549
87,37,557
87,38,565
87,39,573
87,40,581
87,41,589
87,42,597
87,43,605
87,44,613
87,45,621
87,46,629
87,47,637
87,48,645
87,49,653
87,50,661
87,51,669
87,52,677
87,53,685
87,54,693
87,55,701
87,56,709
87,57,717
87,58,725
87,59,733
87,60,741
87,61,749
87,62,757
87,63,765
87,64,773
87,65,781
87,66,789
87,67,797
87,68,805
87,69,813
87,70,821
87,71,829
87,72,837
87,73,845
87,74,853
87,75,861
87,76,869
87,77,877
87,78,885
87,79,893
87,80,901
87,81,909
87,82,917
87,83,925
87,84,933
87,85,941
87,86,949
87,87,957
87,88,965
87,89,973
87,90,981
87,91,989
87,92,997
87,93,1005
87,94,1013
87,95,1021
87,96,1029
87,97,1037
87,98,1045
87,99,1053
87,100,1061
88,1,272
88,2,280
88,3,288
88,4,296
88,5,304
88,6,312
88,7,320
88,8,328
88,9,336
88,10,344
88,11,352
88,12,360
88,13,368
88,14,376
88,15,384
88,16,392
88,17,400
88,18,408
88,19,416
88,20,424
88,21,432
88,22,440
88,23,448
88,24,456
88,25,464
88,26,472
88,27,480
88,28,488
88,29,496
88,30,504
88,31,512
88,32,520
88,33,528
88,34,536
88,35,544
88,36,552
88,37,560
88,38,568
88,39,576
88,40,584
88,41,592
88,42,600
88,43,608
88,44,616
88,45,624
88,46,632
88,47,640
88,48,648
88,49,656
88,50,664
88,51,672
88,52,680
88,53,688
88,54,696
88,55,704
88,56,712
88,57,720
88,58,728
88,59,736
88,60,744
88,61,752
88,62,760
88,63,768
88,64,776
88,65,784
88,66,792
88,67,800
88,68,808
88,69,816
88,70,824
88,71,832
88,72,840
88,73,848
88,74,856
88,75,864
88,76,872
88,77,880
88,78,888
88,79,896
88,80,904
88,81,912
88,82,920
88,83,928
88,84,936
88,85,944
88,86,952
88,87,960
88,88,968
88,89,976
88,90,984
88,91,992
88,92,1000
88,93,1008
88,94,1016
88,95,1024
88,96,1032
88,97,1040
88,98,1048
88,99,1056
88,100,1064
89,1,275
89,2,283
89,3,291
89,4,299
89,5,307
89,6,315
89,7,323
89,8,331
89,9,339
89,10,347
89,11,355
89,12,363
89,13,371
89,14,379
89,15,387
89,16,395
89,17,403
89,18,411
89,19,419
89,20,427
89,21,435
89,22,443
89,23,451
89,24,459
89,25,467
89,26,475
89,27,483
89,28,491
89,29,499
89,30,507
89,31,515
89,32,523
89,33,531
89,34,539
89,35,547
89,36,555
89,37,563
89,38,571
89,39,579
89,40,587
89,41,595
89,42,603
89,43,611
89,44,619
89,45,627
89,46,635
89,47,643
89,48,651
89,49,659
89,50,667
89,51,675
89,52,683
89,53,691
89,54,699
89,55,707
89,56,715
89,57,723
89,58,731
89,59,739
89,60,747
89,61,755
89,62,763
89,63,771
89,64,779
89,65,787
89,66,795
89,67,803
89,68,811
89,69,819
89,70,827
89,71,835
89,72,843
89,73,851
89,74,859
89,75,867
89,76,875
89,77,883
89,78,891
89,79,899
89,80,907
89,81,915
89,82,923
89,83,931
89,84,939
89,85,947
89,86,955
89,87,963
89,88,971
89,89,979
89,90,987
89,91,995
89,92,1003
89,93,1011
89,94,1019
89,95,1027
89,96,1035
89,97,1043
89,98,1051
89,99,1059
89,100,1067
90,1,278
90,2,286
90,3,294
90,4,302
90,5,310
90,6,318
90,7,326
90,8,334
90,9,342
90,10,350
90,11,358
90,12,366
90,13,374
90,14,382
90,15,390
90,16,398
90,17,406
90,18,414
90,19,422
90,20,430
90,21,438
90,22,446
90,23,454
90,24,462
90,25,470
90,26,478
90,27,486
90,28,494
90,29,502
90,30,510
90,31,518
90,32,526
90,33,534
90,34,542
90,35,550
90,36,558
90,37,566
90,38,574
90,39,582
90,40,590
90,41,598
90,42,606
90,43,614
90,44,622
90,45,630
90,46,638
90,47,646
90,48,654
90,49,662
90,50,670
90,51,678
90,52,686
90,53,694
90,54,702
90,55,710
90,56,718
90,57,726
90,58,734
90,59,742
90,60,750
90,61,758
90,62,766
90,63,774
90,64,782
90,65,790
90,66,798
90,67,806
90,68,814
90,69,822
90,70,830
90,71,838
90,72,846
90,73,854
90,74,862
90,75,870
90,76,878
90,77,886
90,78,894
90,79,902
90,80,910
90,81,918
90,82,926
90,83,934
90,84,942
90,85,950
90,86,958
90,87,966
90,88,974
90,89,982
90,90,990
90,91,998
90,92,1006
90,93,1014
90,94,1022
90,95,1030
90,96,1038
90,97,1046
90,98,1054
90,99,1062
90,100,1070
91,1,281
91,2,289
91,3,297
91,4,305
91,5,313
91,6,321
91,7,329
91,8,337
91,9,345
91,10,353
91,11,361
91,12,369
91,13,377
91,14,385
91,15,393
91,16,401
91,17,409
91,18,417
91,19,425
91,20,433
91,21,441
91,22,449
91,23,457
91,24,465
91,25,473
91,26,481
91,27,489
91,28,497
91,29,505
91,30,513
91,31,521
91,32,529
91,33,537
91,34,545
91,35,553
91,36,561
91,37,569
91,38,577
91,39,585
91,40,593
91,41,601
91,42,609
91,43,617
91,44,625
91,45,633
91,46,641
91,47,649
91,48,657
91,49,665
91,50,673
91,51,681
91,52,689
91,53,697
91,54,705
91,55,713
91,56,721
91,57,729
91,58,737
91,59,745
91,60,753
91,61,761
91,62,769
91,63,777
91,64,785
91,65,793
91,66,801
91,67,809
91,68,817
91,69,825
91,70,833
91,71,841
91,72,849
91,73,857
91,74,865
91,75,873
91,76,881
91,77,889
91,78,897
91,79,905
91,80,913
91,81,921
91,82,929
91,83,937
91,84,945
91,85,953
91,86,961
91,87,969
91,88,977
91,89,985
91,90,993
91,91,1001
91,92,1009
91,93,1017
91,94,1025
91,95,1033
91,96,1041
91,97,1049
91,98,1057
91,99,1065
91,100,1073
92,1,284
92,2,292
92,3,300
92,4,308
92,5,316
92,6,324
92,7,332
92,8,340
92,9,348
92,10,356
92,11,364
92,12,372
92,13,380
92,14,388
92,15,396
92,16,404
92,17,412
92,18,420
92,19,428
92,20,436
92,21,444
92,22,452
92,23,460
92,24,468
92,25,476
92,26,484
92,27,492
92,28,500
92,29,508
92,30,516
92,31,524
92,32,532
92,33,540
92,34,548
92,35,556
92,36,564
92,37,572
92,38,580
92,39,588
92,40,596
92,41,604
92,42,612
92,43,620
92,44,628
92,45,636
92,46,644
92,47,652
92,48,660
92,49,668
92,50,676
92,51,684
92,52,692
92,53,700
92,54,708
92,55,716
92,56,724
92,57,732
92,58,740
92,59,748
92,60,756
92,61,764
92,62,772
92,63,780
92,64,788
92,65,796
92,66,804
92,67,812
92,68,820
92,69,828
92,70,836
92,71,844
92,72,852
92,73,860
92,74,868
92,75,876
92,76,884
92,77,892
92,78,900
92,79,908
92,80,916
92,81,924
92,82,932
92,83,940
92,84,948
92,85,956
92,86,964
92,87,972
92,88,980
92,89,988
92,90,996
92,91,1004
92,92,1012
92,93,1020
92,94,1028
92,95,1036
92,96,1044
92,97,1052
92,98,1060
92,99,1068
92,100,1076
93,1,287
93,2,295
93,3,303
93,4,311
93,5,319
93,6,327
93,7,335
93,8,343
93,9,351
93,10,359
93,11,367
93,12,375
93,13,383
93,14,391
93,15,399
93,16,407
93,17,415
93,18,423
93,19,431
93,20,439
93,21,447
93,22,455
93,23,463
93,24,471
93,25,479
93,26,487
93,27,495
93,28,503
93,29,511
93,30,519
93,31,527
93,32,535
93,33,543
93,34,551
93,35,559
93,36,567
93,37,575
93,38,583
93,39,591
93,40,599
93,41,607
93,42,615
93,43,623
93,44,631
93,45,639
93,46,647
93,47,655
93,48,663
93,49,671
93,50,679
93,51,687
93,52,695
93,53,703
93,54,711
93,55,719
93,56,727
93,57,735
93,58,743
93,59,751
93,60,759
93,61,767
93,62,775
93,63,783
93,64,791
93,65,799
93,66,807
93,67,815
93,68,823
93,69,831
93,70,839
93,71,847
93,72,855
93,73,863
93,74,871
93,75,879
93,76,887
93,77,895
93,78,903
93,79,911
93,80,919
93,81,927
93,82,935
93,83,943
93,84,951
93,85,959
93,86,967
93,87,975
93,88,983
93,89,991
93,90,999
93,91,1007
93,92,1015
93,93,1023
93,94,1031
93,95,1039
93,96,1047
93,97,1055
93,98,1063
93,99,1071
93,100,1079
94,1,290
94,2,298
94,3,306
94,4,314
94,5,322
94,6,330
94,7,338
94,8,346
94,9,354
94,10,362
94,11,370
94,12,378
94,13,386
94,14,394
94,15,402
94,16,410
94,17,418
94,18,426
94,19,434
94,20,442
94,21,450
94,22,458
94,23,466
94,24,474
94,25,482
94,26,490
94,27,498
94,28,506
94,29,514
94,30,522
94,31,530
94,32,538
94,33,546
94,34,554
94,35,562
94,36,570
94,37,578
94,38,586
94,39,594
94,40,602
94,41,610
94,42,618
94,43,626
94,44,634
94,45,642
94,46,650
94,47,658
94,48,666
94,49,674
94,50,682
94,51,690
94,52,698
94,53,706
94,54,714
94,55,722
94,56,730
94,57,738
94,58,746
94,59,754
94,60,762
94,61,770
94,62,778
94,63,786
94,64,794
94,65,802
94,66,810
94,67,818
94,68,826
94,69,834
94,70,842
94,71,850
94,72,858
94,73,866
94,74,874
94,75,882
94,76,890
94,77,898
94,78,906
94,79,914
94,80,922
94,81,930
94,82,938
94,83,946
94,84,954
94,85,962
94,86,970
94,87,978
94,88,986
94,89,994
94,90,1002
94,91,1010
94,92,1018
94,93,1026
94,94,1034
94,95,1042
94,96,1050
94,97,1058
94,98,1066
94,99,1074
94,100,1082
95,1,293
95,2,301
95,3,309
95,4,317
95,5,325
95,6,333
95,7,341
95,8,349
95,9,357
95,10,365
95,11,373
95,12,381
95,13,389
95,14,397
95,15,405
95,16,413
95,17,421
95,18,429
95,19,437
95,20,445
95,21,453
95,22,461
95,23,469
95,24,477
95,25,485
95,26,493
95,27,501
95,28,509
95,29,517
95,30,525
95,31,533
95,32,541
95,33,549
95,34,557
95,35,565
95,36,573
95,37,581
95,38,589
95,39,597
95,40,605
95,41,613
95,42,621
95,43,629
95,44,637
95,45,645
95,46,653
95,47,661
95,48,669
95,49,677
95,50,685
95,51,693
95,52,701
95,53,709
95,54,717
95,55,725
95,56,733
95,57,741
95,58,749
95,59,757
95,60,765
95,61,773
95,62,781
95,63,789
95,64,797
95,65,805
95,66,813
95,67,821
95,68,829
95,69,837
95,70,845
95,71,853
95,72,861
95,73,869
95,74,877
95,75,885
95,76,893
95,77,901
95,78,909
95,79,917
95,80,925
95,81,933
95,82,941
95,83,949
95,84,957
95,85,965
95,86,973
95,87,981
95,88,989
95,89,997
95,90,1005
95,91,1013
95,92,1021
95,93,1029
95,94,1037
95,95,1045
95,96,1053
95,97,1061
95,98,1069
95,99,1077
95,100,1085
96,1,296
96,2,304
96,3,312
96,4,320
96,5,328
96,6,336
96,7,344
96,8,352
96,9,360
96,10,368
96,11,376
96,12,384
96,13,392
96,14,400
96,15,408
96,16,416
96,17,424
96,18,432
96,19,440
96,20,448
96,21,456
96,22,464
96,23,472
96,24,480
96,25,488
96,26,496
96,27,504
96,28,512
96,29,520
96,30,528
96,31,536
96,32,544
96,33,552
96,34,560
96,35,568
96,36,576
96,37,584
96,38,592
96,39,600
96,40,608
96,41,616
96,42,624
96,43,632
96,44,640
96,45,648
96,46,656
96,47,664
96,48,672
96,49,680
96,50,688
96,51,696
96,52,704
96,53,712
96,54,720
96,55,728
96,56,736
96,57,744
96,58,752
96,59,760
96,60,768
96,61,776
96,62,784
96,63,792
96,64,800
96,65,808
96,66,816
96,67,824
96,68,832
96,69,840
96,70,848
96,71,856
96,72,864
96,73,872
96,74,880
96,75,888
96,76,896
96,77,904
96,78,912
96,79,920
96,80,928
96,81,936
96,82,944
96,83,952
96,84,960
96,85,968
96,86,976
96,87,984
96,88,992
96,89,1000
96,90,1008
96,91,1016
96,92,1024
96,93,1032
96,94,1040
96,95,1048
96,96,1056
96,97,1064
96,98,1072
96,99,1080
96,100,1088
97,1,299
97,2,307
97,3,315
97,4,323
97,5,331
97,6,339
97,7,347
97,8,355
97,9,363
97,10,371
97,11,379
97,12,387
97,13,395
97,14,403
97,15,411
97,16,419
97,17,427
97,18,435
97,19,443
97,20,451
97,21,459
97,22,467
97,23,475
97,24,483
97,25,491
97,26,499
97,27,507
97,28,515
97,29,523
97,30,531
97,31,539
97,32,547
97,33,555
97,34,563
97,35,571
97,36,579
97,37,587
97,38,595
97,39,603
97,40,611
97,41,619
97,42,627
97,43,635
97,44,643
97,45,651
97,46,659
97,47,667
97,48,675
97,49,683
97,50,691
97,51,699
97,52,707
97,53,715
97,54,723
97,55,731
97,56,739
97,57,747
97,58,755
97,59,763
97,60,771
97,61,779
97,62,787
97,63,795
97,64,803
97,65,811
97,66,819
97,67,827
97,68,835
97,69,843
97,70,851
97,71,859
97,72,867
97,73,875
97,74,883
97,75,891
97,76,899
97,77,907
97,78,915
97,79,923
97,80,931
97,81,939
97,82,947
97,83,955
97,84,963
97,85,971
97,86,979
97,87,987
97,88,995
97,89,1003
97,90,1011
97,91,1019
97,92,1027
97,93,1035
97,94,1043
97,95,1051
97,96,1059
97,97,1067
97,98,1075
97,99,1083
97,100,1091
98,1,302
98,2,310
98,3,318
98,4,326
98,5,334
98,6,342
98,7,350
98,8,358
98,9,366
98,10,374
98,11,382
98,12,390
98,13,398
98,14,406
98,15,414
98,16,422
98,17,430
98,18,438
98,19,446
98,20,454
98,21,462
98,22,470
98,23,478
98,24,486
98,25,494
98,26,502
98,27,510
98,28,518
98,29,526
98,30,534
98,31,542
98,32,550
98,33,558
98,34,566
98,35,574
98,36,582
98,37,590
98,38,598
98,39,606
98,40,614
98,41,622
98,42,630
98,43,638
98,44,646
98,45,654
98,46,662
98,47,670
98,48,678
98,49,686
98,50,694
98,51,702
98,52,710
98,53,718
98,54,726
98,55,734
98,56,742
98,57,750
98,58,758
98,59,766
98,60,774
98,61,782
98,62,790
98,63,798
98,64,806
98,65,814
98,66,822
98,67,830
98,68,838
98,69,846
98,70,854
98,71,862
98,72,870
98,73,878
98,74,886
98,75,894
98,76,902
98,77,910
98,78,918
98,79,926
98,80,934
98,81,942
98,82,950
98,83,958
98,84,966
98,85,974
98,86,982
98,87,990
98,88,998
98,89,1006
98,90,1014
98,91,1022
98,92,1030
98,93,1038
98,94,1046
98,95,1054
98,96,1062
98,97,1070
98,98,1078
98,99,1086
98,100,1094
99,1,305
99,2,313
99,3,321
99,4,329
99,5,337
99,6,345
99,7,353
99,8,361
99,9,369
99,10,377
99,11,385
99,12,393
99,13,401
99,14,409
99,15,417
99,16,425
99,17,433
99,18,441
99,19,449
99,20,457
99,21,465
99,22,473
99,23,481
99,24,489
99,25,497
99,26,505
99,27,513
99,28,521
99,29,529
99,30,537
99,31,545
99,32,553
99,33,561
99,34,569
99,35,577
99,36,585
99,37,593
99,38,601
99,39,609
99,40,617
99,41,625
99,42,633
99,43,641
99,44,649
99,45,657
99,46,665
99,47,673
99,48,681
99,49,689
99,50,697
99,51,705
99,52,713
99,53,721
99,54,729
99,55,737
99,56,745
99,57,753
99,58,761
99,59,769
99,60,777
99,61,785
99,62,793
99,63,801
99,64,809
99,65,817
99,66,825
99,67,833
99,68,841
99,69,849
99,70,857
99,71,865
99,72,873
99,73,881
99,74,889
99,75,897
99,76,905
99,77,913
99,78,921
99,79,929
99,80,937
99,81,945
99,82,953
99,83,961
99,84,969
99,85,977
99,86,985
99,87,993
99,88,1001
99,89,1009
99,90,1017
99,91,1025
99,92,1033
99,93,1041
99,94,1049
99,95,1057
99,96,1065
99,97,1073
99,98,1081
99,99,1089
99,100,1097
100,1,308
100,2,316
100,3,324
100,4,332
100,5,340
100,6,348
100,7,356
100,8,364
100,9,372
100,10,380
100,11,388
100,12,396
100,13,404
100,14,412
100,15,420
100,16,428
100,17,436
100,18,444
100,19,452
100,20,460
100,21,468
100,22,476
100,23,484
100,24,492
100,25,500
100,26,508
100,27,516
100,28,524
100,29,532
100,30,540
100,31,548
100,32,556
100,33,564
100,34,572
100,35,580
100,36,588
100,37,596
100,38,604
100,39,612
100,40,620
100,41,628
100,42,636
100,43,644
100,44,652
100,45,660
100,46,668
100,47,676
100,48,684
100,49,692
100,50,700
100,51,708
100,52,716
100,53,724
100,54,732
100,55,740
100,56,748
100,57,756
100,58,764
100,59,772
100,60,780
100,61,788
100,62,796
100,63,804
100,64,812
100,65,820
100,66,828
100,67,836
100,68,844
100,69,852
100,70,860
100,71,868
100,72,876
100,73,884
100,74,892
100,75,900
100,76,908
100,77,916
100,78,924
100,79,932
100,80,940
100,81,948
100,82,956
100,83,964
100,84,972
100,85,980
100,86,988
100,87,996
100,88,1004
100,89,1012
100,90,1020
100,91,1028
100,92,1036
100,93,1044
100,94,1052
100,95,1060
100,96,1068
100,97,1076
100,98,1084
100,99,1092
100,100,1100
